Beach Name,Month,Year,tavg,tmin,tmax,prcp,wdir,wspd,pres,Footfall,Wave Height (m),Ocean Currents (m/s),Swell Height (m),Storm Surge,Tsunami Alerts,Humidity (%),UV Index
Agonda Beach,Jan,2022.0,0.6519916142557651,0.4855643044619423,0.7228017883755591,5.96884264141183e-05,0.5215334909902408,0.2955508474576271,0.7712912087912116,0.7272727272727273,0.07647058823529412,0.11764705882352944,0.45333333333333337,0.0,1.0,0.655428571428571,0.4871428571428571
Agonda Beach,Feb,2022.0,0.7106918238993711,0.47572178477690275,0.757078986587183,0.0,0.7168837224794324,0.2764830508474576,0.67719780219781,0.6363636363636362,0.48235294117647065,0.26470588235294124,0.18666666666666662,0.0,0.0,0.25171428571428556,0.69
Agonda Beach,Mar,2022.0,0.8294898672257163,0.7526246719160102,0.8628912071535022,0.0010942878175921689,0.548412883456017,0.2178672316384181,0.5776098901098976,0.3636363636363637,0.11176470588235299,1.0,0.54,1.0,0.0,0.2734285714285709,0.6171428571428572
Agonda Beach,Apr,2022.0,1.0,0.8431758530183725,0.9150521609538003,0.0168520323909194,0.8568430869666588,0.23587570621468928,0.5350274725274744,0.27272727272727276,0.5647058823529413,0.4705882352941177,0.74,1.0,0.0,0.5522857142857143,0.40142857142857136
Agonda Beach,May,2022.0,0.9461914744933613,0.8871391076115483,0.8375558867362147,0.08658801058474762,0.9287213136595275,0.4424435028248588,0.3935439560439562,0.27272727272727276,0.15294117647058825,0.4485294117647059,0.45333333333333337,0.0,0.0,0.1971428571428573,0.29714285714285715
Agonda Beach,Jun,2022.0,0.7323549965059399,0.7513123359580051,0.5752608047690013,0.632697319989654,0.7446957332711587,0.26694915254237284,0.4299450549450654,0.09090909090909088,0.4647058823529412,0.19117647058823534,0.04000000000000001,0.0,1.0,0.09485714285714253,0.4671428571428571
Agonda Beach,Jul,2022.0,0.6568832983927324,0.7191601049868764,0.4679582712369599,0.7881458785141561,0.8979116011058187,0.46292372881355937,0.461538461538467,0.09090909090909088,0.1823529411764706,0.6029411764705883,0.09333333333333335,0.0,0.0,0.365142857142857,0.3871428571428571
Agonda Beach,Aug,2022.0,0.6408106219426974,0.7152230971128609,0.45752608047690035,0.34593422335409163,0.8814908570096259,0.4932909604519774,0.4526098901098976,0.09090909090909088,0.2705882352941177,0.058823529411764726,0.5066666666666666,0.0,0.0,0.5097142857142856,0.1785714285714286
Agonda Beach,Sep,2022.0,0.687631027253669,0.6883202099737532,0.5238450074515648,0.20791468534251206,0.7865636345468474,0.3319209039548022,0.5473901098901166,0.18181818181818182,0.6470588235294119,0.6691176470588236,0.006666666666666654,0.0,1.0,0.2514285714285711,0.23285714285714287
Agonda Beach,Oct,2022.0,0.7155835080363384,0.6561679790026246,0.6020864381520119,0.07067109687431607,0.40035972421143795,0.22139830508474578,0.640796703296715,0.3636363636363637,0.858823529411765,0.6691176470588236,0.33999999999999997,0.0,1.0,0.3471428571428572,0.3571428571428571
Agonda Beach,Nov,2022.0,0.8385744234800838,0.573490813648294,0.8107302533532041,0.012932492389725632,0.15371548479499048,0.207274011299435,0.6950549450549488,0.8181818181818181,0.6176470588235295,0.6323529411764706,0.32666666666666666,0.0,1.0,0.5322857142857143,0.1757142857142857
Agonda Beach,Dec,2022.0,0.7980433263452134,0.4993438320209972,0.809239940387481,0.008157418276596167,0.07684108849881759,0.2365819209039548,0.6744505494505546,0.8181818181818181,0.6176470588235295,0.8676470588235294,0.9199999999999999,0.0,0.0,0.5982857142857141,0.4442857142857144
Agonda Beach,Jan,2023.0,0.7393431167016074,0.40288713910761154,0.7421758569299555,0.0,0.4619125337241448,0.45162429378531077,0.7987637362637372,0.7272727272727273,0.623529411764706,0.5147058823529413,0.4733333333333334,1.0,1.0,0.35285714285714254,0.27142857142857146
Agonda Beach,Feb,2023.0,0.8525506638714186,0.47637795275590544,0.9008941877794334,0.0,0.2769876428071812,0.4110169491525424,0.7424450549450512,0.6363636363636362,0.4058823529411766,0.11764705882352944,0.8799999999999999,0.0,0.0,0.5482857142857143,0.2785714285714286
Agonda Beach,Mar,2023.0,0.883997204751922,0.5531496062992124,0.906855439642325,0.0036608901533992555,0.6095326916031042,0.5346045197740112,0.6929945054945108,0.3636363636363637,0.1823529411764706,0.6470588235294119,0.31333333333333335,1.0,1.0,0.11257142857142832,0.38428571428571434
Agonda Beach,Apr,2023.0,0.9238294898672259,0.7782152230971126,0.8591654247391953,0.0007958456855215773,0.8709322852479765,0.4537429378531074,0.582417582417591,0.27272727272727276,0.4882352941176471,0.6764705882352942,0.7999999999999999,1.0,0.0,0.16571428571428548,0.38428571428571434
Agonda Beach,May,2023.0,0.9776380153738646,0.8805774278215223,0.8591654247391953,0.009749109647639321,0.9569996336142289,0.5420197740112994,0.588598901098905,0.27272727272727276,0.20588235294117652,0.27941176470588236,0.3666666666666667,0.0,0.0,0.5865714285714285,0.23857142857142855
Agonda Beach,Jun,2023.0,0.7959468902865128,0.7959317585301834,0.6535022354694489,0.5463480631105628,0.7521566798787596,0.47634180790960456,0.5130494505494596,0.09090909090909088,0.1823529411764706,0.0,0.6599999999999999,1.0,1.0,0.4551428571428573,0.5900000000000001
Agonda Beach,Jul,2023.0,0.605171208944794,0.6961942257217845,0.386736214605067,1.0,0.8574093195217,0.6924435028248587,0.5487637362637372,0.09090909090909088,0.34705882352941186,0.11764705882352944,0.9133333333333333,0.0,1.0,0.3908571428571428,0.6299999999999999
Agonda Beach,Aug,2023.0,0.7735849056603774,0.7368766404199473,0.6073025335320414,0.09492449414058614,0.9248909169636611,0.4170197740112994,0.6476648351648322,0.09090909090909088,0.623529411764706,0.7573529411764706,0.45333333333333337,0.0,1.0,0.5660000000000001,0.4828571428571429
Agonda Beach,Sep,2023.0,0.7428371767994411,0.7211286089238845,0.6013412816691504,0.36728278386820795,0.8486160610198847,0.40960451977401136,0.5487637362637372,0.18181818181818182,0.3058823529411766,0.3382352941176471,0.13333333333333333,1.0,0.0,0.13200000000000012,0.40428571428571425
Agonda Beach,Oct,2023.0,0.7267645003494061,0.7657480314960629,0.7406855439642324,0.0629712898668948,0.4267728075142391,0.3089689265536723,0.7218406593406712,0.3636363636363637,0.611764705882353,0.9191176470588236,0.06666666666666665,0.0,1.0,0.25657142857142845,0.2828571428571429
Agonda Beach,Nov,2023.0,0.7253668763102725,0.7349081364829394,0.7697466467958267,0.09390979089154612,0.10775072444459248,0.3245056497175141,0.7101648351648464,0.8181818181818181,0.3176470588235294,0.17647058823529416,0.54,0.0,1.0,0.11628571428571388,0.29428571428571426
Agonda Beach,Dec,2023.0,0.7051013277428373,0.7329396325459318,0.814456035767511,0.003979228427607887,0.1639742863804417,0.43185028248587565,0.7129120879120876,0.8181818181818181,0.49411764705882366,0.16176470588235298,0.22666666666666666,1.0,1.0,0.5759999999999998,0.5057142857142858
Alleppey Beach,Jan,2022.0,0.6170510132774285,0.6043307086614172,0.7459016393442619,0.008913471677841666,0.6123305465809545,0.10381355932203391,0.7129120879120876,0.8181818181818181,0.05882352941176472,0.11764705882352944,0.4666666666666667,0.0,1.0,0.6285714285714283,0.4285714285714286
Alleppey Beach,Feb,2022.0,0.6422082459818308,0.6391076115485564,0.7511177347242919,0.028710133105190903,0.7249775172367852,0.10557909604519776,0.6504120879121018,0.45454545454545453,0.41176470588235303,0.25,0.19999999999999998,0.0,0.0,0.2571428571428569,0.7142857142857142
Alleppey Beach,Mar,2022.0,0.6883298392732355,0.6824146981627296,0.7645305514157972,0.0351166908736396,0.6271525164040902,0.10699152542372882,0.5879120879120876,0.27272727272727276,0.08823529411764708,0.8382352941176472,0.5333333333333333,1.0,0.0,0.2857142857142858,0.5714285714285714
Alleppey Beach,Apr,2022.0,0.6443046820405312,0.7421259842519682,0.7242921013412813,0.16672967111677045,0.1952503080971255,0.07132768361581919,0.5728021978022042,0.3636363636363637,0.47058823529411775,0.4705882352941177,0.7333333333333334,1.0,0.0,0.48571428571428554,0.4285714285714286
Alleppey Beach,May,2022.0,0.5856044723969254,0.7349081364829394,0.5089418777943369,0.400111418395973,0.6876394764014255,0.12464689265536726,0.4766483516483504,0.18181818181818182,0.11764705882352944,0.4338235294117648,0.4666666666666667,0.0,0.0,0.19999999999999996,0.2857142857142857
Alleppey Beach,Jun,2022.0,0.5478686233403216,0.7007874015748029,0.5193740685543964,0.2313324446389845,0.8994770675815208,0.1292372881355932,0.532280219780219,0.0,0.3529411764705883,0.17647058823529416,0.06666666666666665,0.0,1.0,0.05714285714285694,0.4285714285714286
Alleppey Beach,Jul,2022.0,0.5192173305380854,0.7014435695538056,0.40909090909090917,0.19593720777541235,0.9990340738766944,0.2447033898305085,0.5515109890109926,0.09090909090909088,0.1470588235294118,0.6176470588235294,0.09999999999999998,0.0,0.0,0.3999999999999997,0.4285714285714286
Alleppey Beach,Aug,2022.0,0.5108315863032844,0.6968503937007874,0.3845007451564828,0.3012673842541931,0.9580987909269559,0.2634180790960452,0.5391483516483646,0.18181818181818182,0.2941176470588236,0.06617647058823531,0.5333333333333333,0.0,0.0,0.5428571428571429,0.1428571428571428
Alleppey Beach,Sep,2022.0,0.5373864430468205,0.6686351706036745,0.5558867362146049,0.12986211973498338,0.9235586050694468,0.1899717514124294,0.6181318681318686,0.27272727272727276,0.5882352941176472,0.6544117647058825,0.0,0.0,1.0,0.2571428571428569,0.2857142857142857
Alleppey Beach,Oct,2022.0,0.5108315863032844,0.6279527559055117,0.5290611028315948,0.17848829112035175,0.6074009925723611,0.09887005649717513,0.6565934065934158,0.45454545454545453,0.7058823529411766,0.6911764705882353,0.33333333333333326,0.0,1.0,0.3142857142857143,0.3571428571428571
Alleppey Beach,Nov,2022.0,0.49825296995108315,0.5898950131233595,0.5529061102831592,0.10982670460197766,0.22799187289744532,0.07485875706214691,0.6888736263736348,0.7272727272727273,0.47058823529411775,0.6176470588235294,0.33333333333333326,0.0,1.0,0.48571428571428554,0.1428571428571428
Alleppey Beach,Dec,2022.0,0.5352900069881203,0.5866141732283464,0.5760059612518629,0.06669186844670817,0.3661859241248376,0.07803672316384182,0.6435439560439562,0.9090909090909092,0.41176470588235303,0.8382352941176472,0.9333333333333333,0.0,0.0,0.5428571428571429,0.4285714285714286
Alleppey Beach,Jan,2023.0,0.5241090146750524,0.48753280839894997,0.6318926974664678,0.02516861980461988,0.12420477633814077,0.19456214689265539,0.7568681318681314,0.8181818181818181,0.5882352941176472,0.5441176470588236,0.5,1.0,1.0,0.3714285714285712,0.2857142857142857
Alleppey Beach,Feb,2023.0,0.5716282320055905,0.5308398950131231,0.6311475409836063,0.008097729850182048,0.3218199380474969,0.2376412429378531,0.7362637362637514,0.45454545454545453,0.3823529411764707,0.1397058823529412,0.8999999999999999,0.0,0.0,0.5428571428571429,0.2857142857142857
Alleppey Beach,Mar,2023.0,0.6771488469601676,0.6587926509186349,0.8166915052160952,0.035295756152881955,0.569463411384605,0.27048022598870053,0.685439560439562,0.27272727272727276,0.17647058823529416,0.6911764705882353,0.33333333333333326,1.0,1.0,0.1142857142857141,0.4285714285714286
Alleppey Beach,Apr,2023.0,0.6946191474493362,0.7309711286089237,0.7995529061102826,0.09769005789777362,0.5226659561003231,0.2422316384180791,0.5982142857142918,0.3636363636363637,0.4411764705882354,0.6544117647058825,0.8333333333333333,1.0,0.0,0.19999999999999996,0.4285714285714286
Alleppey Beach,May,2023.0,0.6519916142557651,0.7539370078740156,0.6676602086438153,0.1439485883687153,0.35715951104153487,0.254590395480226,0.6256868131868174,0.18181818181818182,0.17647058823529416,0.32352941176470595,0.4,0.0,0.0,0.6285714285714283,0.2142857142857143
Alleppey Beach,Jun,2023.0,0.5653389238294899,0.7099737532808398,0.4485842026825635,0.2832613756192674,0.9645271958165406,0.3898305084745763,0.6057692307692406,0.0,0.1470588235294118,0.029411764705882373,0.6666666666666666,1.0,1.0,0.34285714285714275,0.5714285714285714
Alleppey Beach,Jul,2023.0,0.519916142557652,0.6876640419947505,0.39642324888226543,0.2807942539941505,0.9999999999999999,0.5363700564971752,0.6703296703296786,0.09090909090909088,0.2941176470588236,0.1397058823529412,0.9333333333333333,0.0,1.0,0.4285714285714286,0.6428571428571428
Alleppey Beach,Aug,2023.0,0.6009783368273933,0.7152230971128609,0.6274217585692998,0.07984321839995225,0.9881757319388468,0.41172316384180785,0.6888736263736348,0.18181818181818182,0.5588235294117648,0.7279411764705883,0.4666666666666667,0.0,1.0,0.5714285714285714,0.4285714285714286
Alleppey Beach,Sep,2023.0,0.509433962264151,0.6666666666666664,0.4709388971684052,0.3830604245836732,0.8749292209306198,0.3375706214689265,0.6648351648351678,0.27272727272727276,0.3529411764705883,0.3602941176470589,0.16666666666666666,1.0,0.0,0.1428571428571428,0.4285714285714286
Alleppey Beach,Oct,2023.0,0.5527603074772887,0.6765091863517058,0.5737704918032787,0.19543980422196136,0.3312460446990641,0.245409604519774,0.7582417582417662,0.45454545454545453,0.6470588235294119,0.9485294117647058,0.06666666666666665,0.0,1.0,0.2571428571428569,0.2857142857142857
Alleppey Beach,Nov,2023.0,0.5765199161425578,0.6804461942257217,0.6050670640834572,0.1546527128389805,0.2711920860673484,0.2129237288135593,0.701236263736277,0.7272727272727273,0.41176470588235303,0.21323529411764708,0.5333333333333333,0.0,1.0,0.1142857142857141,0.2857142857142857
Alleppey Beach,Dec,2023.0,0.6044723969252273,0.6811023622047242,0.629657228017884,0.07182507311832236,0.29334177130866335,0.2485875706214689,0.679258241758248,0.9090909090909092,0.5294117647058825,0.17647058823529416,0.23333333333333336,1.0,1.0,0.5999999999999999,0.5
Baga Beach,Jan,2022.0,0.47589098532494756,0.48228346456692905,0.5119225037257826,0.00045761126917490694,0.6115644672417813,0.2263418079096045,0.7809065934065984,0.7272727272727273,0.17647058823529416,0.32352941176470595,0.33333333333333326,0.0,0.0,0.19999999999999996,0.2857142857142857
Baga Beach,Feb,2022.0,0.5338923829489866,0.5072178477690287,0.5745156482861402,0.0,0.9315857842320886,0.2390536723163842,0.679258241758248,0.5454545454545454,0.2941176470588236,0.25,0.4,0.0,0.0,0.2571428571428569,0.4285714285714286
Baga Beach,Mar,2022.0,0.7106918238993711,0.7381889763779527,0.7280178837555886,0.00455621654961103,0.7105219331845585,0.1762005649717514,0.5686813186813282,0.3636363636363637,0.41176470588235303,0.3970588235294118,0.4666666666666667,0.0,0.0,0.3142857142857143,0.5714285714285714
Baga Beach,Apr,2022.0,0.7973445143256468,0.7775590551181101,0.7436661698956777,0.036270667117645886,0.900143223528628,0.1956214689265537,0.524038461538467,0.27272727272727276,0.3529411764705883,0.3602941176470589,0.4,0.0,0.0,0.34285714285714275,0.7142857142857142
Baga Beach,May,2022.0,0.7917540181691125,0.8372703412073489,0.6833084947839048,0.0455621654961103,0.9066715518102788,0.35204802259887,0.3798076923076934,0.27272727272727276,0.47058823529411775,0.4338235294117648,0.43333333333333335,0.0,0.0,0.4285714285714286,0.7142857142857142
Baga Beach,Jun,2022.0,0.6198462613556952,0.7086614173228346,0.5022354694485842,0.5972821869839438,0.7663458015521433,0.2252824858757062,0.3962912087912116,0.09090909090909088,0.8235294117647061,0.5073529411764707,0.6666666666666666,1.0,0.0,0.5428571428571429,0.857142857142857
Baga Beach,Jul,2022.0,0.5849056603773584,0.7158792650918634,0.40685543964232496,0.5593999323531167,0.8741631415914464,0.4000706214689265,0.4203296703296786,0.09090909090909088,0.7058823529411766,0.5441176470588236,0.5333333333333333,1.0,0.0,0.6285714285714283,0.5714285714285714
Baga Beach,Aug,2022.0,0.583508036338225,0.7119422572178477,0.4314456035767509,0.18425817234038316,0.8666688871864903,0.42725988700564976,0.418956043956058,0.09090909090909088,0.3529411764705883,0.3602941176470589,0.33333333333333326,0.0,0.0,0.5714285714285714,0.5714285714285714
Baga Beach,Sep,2022.0,0.596785464709993,0.6929133858267714,0.48733233979135626,0.21189391377011996,0.8632714918562435,0.27048022598870053,0.5185439560439562,0.18181818181818182,0.2941176470588236,0.32352941176470595,0.2666666666666666,0.0,0.0,0.48571428571428554,0.4285714285714286
Baga Beach,Oct,2022.0,0.5890985324947591,0.6791338582677166,0.557377049180328,0.04769105270488051,0.5316257535889152,0.1652542372881356,0.6346153846153868,0.3636363636363637,0.23529411764705888,0.286764705882353,0.30000000000000004,0.0,0.0,0.3714285714285712,0.2857142857142857
Baga Beach,Nov,2022.0,0.6345213137665968,0.6404199475065616,0.658718330849478,0.001333041523248642,0.26006728175065785,0.1641949152542373,0.6943681318681456,0.7272727272727273,0.5294117647058825,0.4705882352941177,0.4666666666666667,0.0,0.0,0.2571428571428569,0.1428571428571428
Baga Beach,Dec,2022.0,0.6107617051013279,0.6030183727034121,0.665424739195231,0.009749109647639321,0.3055657329380808,0.18820621468926552,0.6778846153846274,1.0,0.11764705882352944,0.21323529411764708,0.13333333333333333,0.0,0.0,0.19999999999999996,0.0
Baga Beach,Jan,2023.0,0.5317959468902866,0.4934383202099736,0.6184798807749625,0.0,0.5046797455284282,0.45162429378531077,0.8070054945055034,0.7272727272727273,0.23529411764705888,0.286764705882353,0.33333333333333326,0.0,0.0,0.22857142857142843,0.1428571428571428
Baga Beach,Feb,2023.0,0.6624737945492665,0.5813648293963253,0.7891207153502231,0.0,0.5572394497551877,0.4113700564971752,0.7424450549450512,0.5454545454545454,0.2941176470588236,0.32352941176470595,0.4,0.0,0.0,0.2857142857142858,0.2857142857142857
Baga Beach,Mar,2023.0,0.7155835080363384,0.6804461942257217,0.7794336810730251,5.96884264141183e-05,0.6873397062252273,0.5353107344632768,0.6943681318681456,0.3636363636363637,0.3529411764705883,0.3970588235294118,0.4666666666666667,0.0,0.0,0.34285714285714275,0.5714285714285714
Baga Beach,Apr,2023.0,0.7819706498951784,0.8077427821522306,0.7302533532041724,0.00019896142138039433,0.9087033274489557,0.4728107344632768,0.5748626373626422,0.27272727272727276,0.41176470588235303,0.4338235294117648,0.43333333333333335,0.0,0.0,0.3999999999999997,0.7142857142857142
Baga Beach,May,2023.0,0.8560447239692524,0.9094488188976376,0.8002980625931446,0.0026859791886353237,0.9506711521167105,0.5459039548022598,0.5817307692307736,0.27272727272727276,0.9411764705882355,0.5441176470588236,0.7333333333333334,1.0,0.0,0.5999999999999999,0.857142857142857
Baga Beach,Jun,2023.0,0.7169811320754715,0.8458005249343831,0.6326378539493294,0.26794134617297705,0.7415981081171101,0.5197740112994351,0.4883241758241894,0.09090909090909088,0.5294117647058825,0.5073529411764707,0.5,0.0,0.0,0.5428571428571429,0.5714285714285714
Baga Beach,Jul,2023.0,0.5387840670859538,0.7368766404199473,0.32637853949329365,0.8261475099978114,0.8339939379808812,0.7291666666666667,0.5144230769230802,0.09090909090909088,0.6470588235294119,0.4705882352941177,0.6000000000000001,1.0,1.0,0.6571428571428568,0.4285714285714286
Baga Beach,Aug,2023.0,0.607267645003494,0.7486876640419945,0.5037257824143069,0.10582758003223174,0.890184192119375,0.4671610169491526,0.6298076923076934,0.09090909090909088,0.3529411764705883,0.3970588235294118,0.33333333333333326,0.0,0.0,0.5714285714285714,0.5714285714285714
Baga Beach,Sep,2023.0,0.5849056603773584,0.7604986876640417,0.48137108792846517,0.23397863154334372,0.8372914099190619,0.4304378531073446,0.5206043956044084,0.18181818181818182,0.2941176470588236,0.3602941176470589,0.30000000000000004,0.0,0.0,0.514285714285714,0.4285714285714286
Baga Beach,Oct,2023.0,0.6736547868623339,0.7677165354330707,0.6236959761549925,0.03901633473269533,0.5115411517836325,0.3181497175141243,0.7122252747252844,0.3636363636363637,0.23529411764705888,0.32352941176470595,0.2666666666666666,0.0,0.0,0.3999999999999997,0.2857142857142857
Baga Beach,Nov,2023.0,0.6897274633123689,0.7270341207349081,0.6929955290611027,0.03601201726985137,0.3310128901175765,0.30331920903954807,0.7101648351648464,0.7272727272727273,0.17647058823529416,0.286764705882353,0.23333333333333336,0.0,0.0,0.2857142857142858,0.1428571428571428
Baga Beach,Dec,2023.0,0.670859538784067,0.653543307086614,0.7391952309985097,0.0,0.2596009725876828,0.3573446327683616,0.7232142857142918,1.0,0.11764705882352944,0.25,0.19999999999999998,0.0,0.0,0.22857142857142843,0.0
Candolim Beach,Jan,2022.0,0.47589098532494756,0.48228346456692905,0.5119225037257826,0.00045761126917490694,0.6115644672417813,0.2263418079096045,0.7809065934065984,0.7272727272727273,0.17647058823529416,0.32352941176470595,0.33333333333333326,0.0,0.0,0.19999999999999996,0.2857142857142857
Candolim Beach,Feb,2022.0,0.5338923829489866,0.5072178477690287,0.5745156482861402,0.0,0.9315857842320886,0.2390536723163842,0.679258241758248,0.45454545454545453,0.2941176470588236,0.25,0.4,0.0,0.0,0.2571428571428569,0.4285714285714286
Candolim Beach,Mar,2022.0,0.7106918238993711,0.7381889763779527,0.7280178837555886,0.00455621654961103,0.7105219331845585,0.1762005649717514,0.5686813186813282,0.27272727272727276,0.41176470588235303,0.3970588235294118,0.4666666666666667,0.0,0.0,0.3142857142857143,0.5714285714285714
Candolim Beach,Apr,2022.0,0.7973445143256468,0.7775590551181101,0.7436661698956777,0.036270667117645886,0.900143223528628,0.1956214689265537,0.524038461538467,0.18181818181818182,0.3529411764705883,0.3602941176470589,0.4,0.0,0.0,0.34285714285714275,0.7142857142857142
Candolim Beach,May,2022.0,0.7917540181691125,0.8372703412073489,0.6833084947839048,0.0455621654961103,0.9066715518102788,0.35204802259887,0.3798076923076934,0.3636363636363637,0.47058823529411775,0.4338235294117648,0.43333333333333335,0.0,0.0,0.4285714285714286,0.7142857142857142
Candolim Beach,Jun,2022.0,0.6198462613556952,0.7086614173228346,0.5022354694485842,0.5972821869839438,0.7663458015521433,0.2252824858757062,0.3962912087912116,0.0,0.8235294117647061,0.5073529411764707,0.6666666666666666,1.0,0.0,0.5428571428571429,0.857142857142857
Candolim Beach,Jul,2022.0,0.5849056603773584,0.7158792650918634,0.40685543964232496,0.5593999323531167,0.8741631415914464,0.4000706214689265,0.4203296703296786,0.18181818181818182,0.7058823529411766,0.5441176470588236,0.5333333333333333,1.0,0.0,0.6285714285714283,0.5714285714285714
Candolim Beach,Aug,2022.0,0.583508036338225,0.7119422572178477,0.4314456035767509,0.18425817234038316,0.8666688871864903,0.42725988700564976,0.418956043956058,0.09090909090909088,0.3529411764705883,0.3602941176470589,0.33333333333333326,0.0,0.0,0.5714285714285714,0.5714285714285714
Candolim Beach,Sep,2022.0,0.596785464709993,0.6929133858267714,0.48733233979135626,0.21189391377011996,0.8632714918562435,0.27048022598870053,0.5185439560439562,0.45454545454545453,0.2941176470588236,0.32352941176470595,0.2666666666666666,0.0,0.0,0.48571428571428554,0.4285714285714286
Candolim Beach,Oct,2022.0,0.5890985324947591,0.6791338582677166,0.557377049180328,0.04769105270488051,0.5316257535889152,0.1652542372881356,0.6346153846153868,0.18181818181818182,0.23529411764705888,0.286764705882353,0.30000000000000004,0.0,0.0,0.3714285714285712,0.2857142857142857
Candolim Beach,Nov,2022.0,0.6345213137665968,0.6404199475065616,0.658718330849478,0.001333041523248642,0.26006728175065785,0.1641949152542373,0.6943681318681456,0.27272727272727276,0.5294117647058825,0.4705882352941177,0.4666666666666667,0.0,0.0,0.2571428571428569,0.1428571428571428
Candolim Beach,Dec,2022.0,0.6107617051013279,0.6030183727034121,0.665424739195231,0.009749109647639321,0.3055657329380808,0.18820621468926552,0.6778846153846274,0.8181818181818181,0.11764705882352944,0.21323529411764708,0.13333333333333333,0.0,0.0,0.19999999999999996,0.0
Candolim Beach,Jan,2023.0,0.5317959468902866,0.4934383202099736,0.6184798807749625,0.0,0.5046797455284282,0.45162429378531077,0.8070054945055034,0.7272727272727273,0.23529411764705888,0.286764705882353,0.33333333333333326,0.0,0.0,0.22857142857142843,0.1428571428571428
Candolim Beach,Feb,2023.0,0.6624737945492665,0.5813648293963253,0.7891207153502231,0.0,0.5572394497551877,0.4113700564971752,0.7424450549450512,0.45454545454545453,0.2941176470588236,0.32352941176470595,0.4,0.0,0.0,0.2857142857142858,0.2857142857142857
Candolim Beach,Mar,2023.0,0.7155835080363384,0.6804461942257217,0.7794336810730251,5.96884264141183e-05,0.6873397062252273,0.5353107344632768,0.6943681318681456,0.27272727272727276,0.3529411764705883,0.3970588235294118,0.4666666666666667,0.0,0.0,0.34285714285714275,0.5714285714285714
Candolim Beach,Apr,2023.0,0.7819706498951784,0.8077427821522306,0.7302533532041724,0.00019896142138039433,0.9087033274489557,0.4728107344632768,0.5748626373626422,0.18181818181818182,0.41176470588235303,0.4338235294117648,0.43333333333333335,0.0,0.0,0.3999999999999997,0.7142857142857142
Candolim Beach,May,2023.0,0.8560447239692524,0.9094488188976376,0.8002980625931446,0.0026859791886353237,0.9506711521167105,0.5459039548022598,0.5817307692307736,0.3636363636363637,0.9411764705882355,0.5441176470588236,0.7333333333333334,1.0,0.0,0.5999999999999999,0.857142857142857
Candolim Beach,Jun,2023.0,0.7169811320754715,0.8458005249343831,0.6326378539493294,0.26794134617297705,0.7415981081171101,0.5197740112994351,0.4883241758241894,0.0,0.5294117647058825,0.5073529411764707,0.5,0.0,0.0,0.5428571428571429,0.5714285714285714
Candolim Beach,Jul,2023.0,0.5387840670859538,0.7368766404199473,0.32637853949329365,0.8261475099978114,0.8339939379808812,0.7291666666666667,0.5144230769230802,0.18181818181818182,0.6470588235294119,0.4705882352941177,0.6000000000000001,1.0,1.0,0.6571428571428568,0.4285714285714286
Candolim Beach,Aug,2023.0,0.607267645003494,0.7486876640419945,0.5037257824143069,0.10582758003223174,0.890184192119375,0.4671610169491526,0.6298076923076934,0.09090909090909088,0.3529411764705883,0.3970588235294118,0.33333333333333326,0.0,0.0,0.5714285714285714,0.5714285714285714
Candolim Beach,Sep,2023.0,0.5849056603773584,0.7604986876640417,0.48137108792846517,0.23397863154334372,0.8372914099190619,0.4304378531073446,0.5206043956044084,0.45454545454545453,0.2941176470588236,0.3602941176470589,0.30000000000000004,0.0,0.0,0.514285714285714,0.4285714285714286
Candolim Beach,Oct,2023.0,0.6736547868623339,0.7677165354330707,0.6236959761549925,0.03901633473269533,0.5115411517836325,0.3181497175141243,0.7122252747252844,0.18181818181818182,0.23529411764705888,0.32352941176470595,0.2666666666666666,0.0,0.0,0.3999999999999997,0.2857142857142857
Candolim Beach,Nov,2023.0,0.6897274633123689,0.7270341207349081,0.6929955290611027,0.03601201726985137,0.3310128901175765,0.30331920903954807,0.7101648351648464,0.27272727272727276,0.17647058823529416,0.286764705882353,0.23333333333333336,0.0,0.0,0.2857142857142858,0.1428571428571428
Candolim Beach,Dec,2023.0,0.670859538784067,0.653543307086614,0.7391952309985097,0.0,0.2596009725876828,0.3573446327683616,0.7232142857142918,0.8181818181818181,0.11764705882352944,0.25,0.19999999999999998,0.0,0.0,0.22857142857142843,0.0
Dhanushkodi Beach,Jan,2022.0,0.6212438853948288,0.7644356955380577,0.49925484351713845,0.07142715027556155,0.08393564933550944,0.510593220338983,0.7554945054945108,0.5454545454545454,0.17647058823529416,0.25,0.2666666666666666,0.0,0.0,0.48571428571428554,0.2857142857142857
Dhanushkodi Beach,Feb,2022.0,0.6422082459818308,0.7355643044619421,0.561847988077496,0.009172121525636179,0.04643106951337307,0.5173022598870057,0.7005494505494596,0.45454545454545453,0.23529411764705888,0.286764705882353,0.33333333333333326,0.0,0.0,0.4285714285714286,0.4285714285714286
Dhanushkodi Beach,Mar,2022.0,0.7526205450733752,0.8589238845144355,0.6833084947839048,0.0044368396967827935,0.25174033241181765,0.4661016949152542,0.5748626373626422,0.3636363636363637,0.3529411764705883,0.32352941176470595,0.4,0.0,0.0,0.34285714285714275,0.5714285714285714
Dhanushkodi Beach,Apr,2022.0,0.8218029350104823,0.8897637795275587,0.7354694485842024,0.1335628021726587,0.47936581953835394,0.3375706214689265,0.5350274725274744,0.27272727272727276,0.41176470588235303,0.3970588235294118,0.4666666666666667,0.0,0.0,0.2857142857142858,0.7142857142857142
Dhanushkodi Beach,May,2022.0,0.86722571628232,0.98753280839895,0.7675111773472425,0.019896142138039433,0.5843853045998068,0.739406779661017,0.3228021978022042,0.18181818181818182,0.5294117647058825,0.4705882352941177,0.5333333333333333,1.0,0.0,0.19999999999999996,0.857142857142857
Dhanushkodi Beach,Jun,2022.0,0.8259958071278826,0.9376640419947503,0.7399403874813708,0.018364139193410397,0.6136961662725243,0.698093220338983,0.366758241758248,0.09090909090909088,0.7058823529411766,0.5441176470588236,0.6666666666666666,1.0,0.0,0.48571428571428554,0.5714285714285714
Dhanushkodi Beach,Jul,2022.0,0.7889587700908458,0.8700787401574802,0.7198211624441129,0.07232247667177333,0.5935449488725311,0.48940677966101687,0.372939560439562,0.18181818181818182,0.6470588235294119,0.5073529411764707,0.6000000000000001,1.0,1.0,0.6285714285714283,0.4285714285714286
Dhanushkodi Beach,Aug,2022.0,0.7658979734451434,0.8648293963254591,0.6669150521609541,0.03272915381707487,0.6245878160077274,0.5787429378531074,0.3763736263736348,0.27272727272727276,0.3529411764705883,0.3970588235294118,0.4,0.0,0.0,0.6285714285714283,0.2857142857142857
Dhanushkodi Beach,Sep,2022.0,0.7456324248777078,0.8779527559055115,0.6385991058122205,0.020353753407214337,0.572494420943943,0.6437146892655367,0.4835164835164818,0.3636363636363637,0.2941176470588236,0.3602941176470589,0.33333333333333326,0.0,0.0,0.5428571428571429,0.1428571428571428
Dhanushkodi Beach,Oct,2022.0,0.7379454926624738,0.8044619422572178,0.6505216095380026,0.22592069397743778,0.5224994171135462,0.38594632768361586,0.5776098901098976,0.5454545454545454,0.23529411764705888,0.32352941176470595,0.2666666666666666,0.0,0.0,0.4285714285714286,0.2857142857142857
Dhanushkodi Beach,Nov,2022.0,0.6233403214535289,0.6161417322834645,0.4925484351713858,0.1681224010664332,0.2504080205176032,0.42055084745762705,0.6744505494505546,0.7272727272727273,0.3529411764705883,0.3970588235294118,0.33333333333333326,0.0,0.0,0.48571428571428554,0.4285714285714286
Dhanushkodi Beach,Dec,2022.0,0.6296296296296295,0.6194225721784775,0.4888226527570789,0.09472553271920574,0.21466875395530094,0.5692090395480226,0.6565934065934158,0.7272727272727273,0.2941176470588236,0.286764705882353,0.2666666666666666,0.0,0.0,0.5428571428571429,0.2857142857142857
Dhanushkodi Beach,Jan,2023.0,0.5800139762403913,0.5656167979002623,0.43070044709388977,0.010783709038817374,0.0,0.6546610169491525,0.8228021978022042,0.5454545454545454,0.23529411764705888,0.286764705882353,0.33333333333333326,0.0,0.0,0.4285714285714286,0.2857142857142857
Dhanushkodi Beach,Feb,2023.0,0.596785464709993,0.5137795275590552,0.4977645305514158,0.032470503969280355,0.07607500915964428,0.599223163841808,0.7870879120879266,0.45454545454545453,0.2941176470588236,0.32352941176470595,0.4,0.0,0.0,0.3714285714285712,0.4285714285714286
Dhanushkodi Beach,Mar,2023.0,0.7554157931516423,0.6988188976377953,0.6616989567809242,0.024969658383239487,0.25647003963627885,0.47881355932203395,0.7101648351648464,0.3636363636363637,0.41176470588235303,0.3602941176470589,0.4666666666666667,0.0,0.0,0.3142857142857143,0.5714285714285714
Dhanushkodi Beach,Apr,2023.0,0.8476589797344514,0.8215223097112859,0.7913561847988073,0.056704005093412384,0.3855377543883023,0.4396186440677966,0.5817307692307736,0.27272727272727276,0.47058823529411775,0.3970588235294118,0.5333333333333333,1.0,0.0,0.22857142857142843,0.7142857142857142
Dhanushkodi Beach,May,2023.0,0.83298392732355,0.8412073490813646,0.6974664679582712,0.08209148246155071,0.6298504479898744,0.6864406779661018,0.5350274725274744,0.18181818181818182,0.5882352941176472,0.5073529411764707,0.6666666666666666,1.0,0.0,0.19999999999999996,0.857142857142857
Dhanushkodi Beach,Jun,2023.0,0.900069881201957,0.8490813648293961,0.8166915052160952,0.02944629036429836,0.6185924124837624,0.745409604519774,0.4230769230769198,0.09090909090909088,0.7647058823529413,0.5441176470588236,0.7333333333333334,1.0,1.0,0.48571428571428554,0.5714285714285714
Dhanushkodi Beach,Jul,2023.0,0.8441649196366177,0.797244094488189,0.7585692995529061,0.005391854519408687,0.6271525164040902,0.7429378531073446,0.4684065934065984,0.18181818181818182,0.7058823529411766,0.5073529411764707,0.6666666666666666,1.0,1.0,0.6285714285714283,0.4285714285714286
Dhanushkodi Beach,Aug,2023.0,0.809224318658281,0.7335958005249342,0.7257824143070044,0.0017906527924235489,0.5619358491822936,0.678319209039548,0.534340659340657,0.27272727272727276,0.41176470588235303,0.4338235294117648,0.4666666666666667,0.0,0.0,0.5714285714285714,0.2857142857142857
Dhanushkodi Beach,Sep,2023.0,0.7980433263452134,0.7545931758530181,0.726527570789866,0.01790652792423549,0.6214568830563234,0.909957627118644,0.5212912087912116,0.3636363636363637,0.3529411764705883,0.3970588235294118,0.4,0.0,0.0,0.48571428571428554,0.1428571428571428
Dhanushkodi Beach,Oct,2023.0,0.7169811320754715,0.7473753280839893,0.6639344262295079,0.0419808599112632,0.47760050627851985,0.5081214689265536,0.7163461538461604,0.5454545454545454,0.2941176470588236,0.3602941176470589,0.33333333333333326,0.0,0.0,0.4285714285714286,0.2857142857142857
Dhanushkodi Beach,Nov,2023.0,0.6694619147449337,0.6246719160104984,0.5432190760059612,0.25731680627126396,0.14662092395829862,0.47634180790960456,0.715659340659343,0.7272727272727273,0.41176470588235303,0.32352941176470595,0.4,0.0,0.0,0.34285714285714275,0.4285714285714286
Dhanushkodi Beach,Dec,2023.0,0.6296296296296295,0.7093175853018371,0.44485842026825617,0.190227014981795,0.14192452453119275,0.7192796610169492,0.7342032967032992,0.7272727272727273,0.3529411764705883,0.32352941176470595,0.33333333333333326,0.0,0.0,0.3999999999999997,0.2857142857142857
Diu Beach,Jan,2022.0,0.292103424178896,0.21916010498687666,0.29210134128166887,0.00031833827420863094,0.30826366452386506,0.4247881355932204,0.929258241758248,0.6363636363636362,0.11764705882352944,0.17647058823529416,0.19999999999999998,0.0,0.0,0.34285714285714275,0.4285714285714286
Diu Beach,Feb,2022.0,0.4011180992313068,0.31430446194225714,0.4746646795827125,0.0,0.7508909835792558,0.3877118644067796,0.7932692307692406,0.5454545454545454,0.17647058823529416,0.25,0.2666666666666666,0.0,0.0,0.2571428571428569,0.5714285714285714
Diu Beach,Mar,2022.0,0.7002096436058702,0.6981627296587926,0.7771982116244409,0.0,0.8248676015055124,0.42761299435028255,0.6311813186813282,0.45454545454545453,0.23529411764705888,0.32352941176470595,0.33333333333333326,0.0,0.0,0.19999999999999996,0.7142857142857142
Diu Beach,Apr,2022.0,0.7330538085255065,0.819553805774278,0.6885245901639343,0.0,0.8318622389501381,0.512005649717514,0.5041208791208902,0.3636363636363637,0.2941176470588236,0.3970588235294118,0.4,0.0,0.0,0.1428571428571428,0.857142857142857
Diu Beach,May,2022.0,0.7686932215234106,0.92257217847769,0.6862891207153501,0.0,0.800086600273124,0.751412429378531,0.2912087912088026,0.27272727272727276,0.41176470588235303,0.4705882352941177,0.5333333333333333,1.0,0.0,0.34285714285714275,0.5714285714285714
Diu Beach,Jun,2022.0,0.7568134171907759,0.9140419947506558,0.6646795827123695,0.03885716559559101,0.709189621290344,0.5903954802259888,0.2101648351648322,0.18181818181818182,0.5882352941176472,0.5441176470588236,0.6666666666666666,1.0,0.0,0.48571428571428554,0.4285714285714286
Diu Beach,Jul,2022.0,0.6491963661774984,0.8464566929133858,0.4411326378539493,0.23477447722886532,0.7710422009792491,0.855225988700565,0.1579670329670364,0.09090909090909088,0.5294117647058825,0.5073529411764707,0.6000000000000001,1.0,1.0,0.6285714285714283,0.2857142857142857
Diu Beach,Aug,2022.0,0.6303284416491965,0.8267716535433071,0.48286140089418783,0.11038379658184277,0.7774706058688339,0.7178672316384181,0.1682692307692406,0.18181818181818182,0.3529411764705883,0.3970588235294118,0.4666666666666667,0.0,0.0,0.5428571428571429,0.1428571428571428
Diu Beach,Sep,2022.0,0.6666666666666667,0.8143044619422569,0.5760059612518629,0.18748134736674557,0.832961396262865,0.4173728813559322,0.4155219780219852,0.27272727272727276,0.23529411764705888,0.3602941176470589,0.4,0.0,0.0,0.4285714285714286,0.2857142857142857
Diu Beach,Oct,2022.0,0.7141858839972048,0.7913385826771652,0.685543964232489,0.0001193768528282366,0.4970522599340506,0.3548728813559322,0.671016483516496,0.45454545454545453,0.2941176470588236,0.32352941176470595,0.33333333333333326,0.0,0.0,0.3142857142857143,0.4285714285714286
Diu Beach,Nov,2022.0,0.6163522012578617,0.5990813648293961,0.6736214605067063,0.0,0.17103553941977817,0.3354519774011299,0.8337912087912116,0.6363636363636362,0.3529411764705883,0.3970588235294118,0.4,0.0,0.0,0.19999999999999996,0.5714285714285714
Diu Beach,Dec,2022.0,0.5108315863032844,0.45406824146981617,0.5633383010432191,0.0003780267006227492,0.1942510741764647,0.3255649717514124,0.8262362637362628,0.6363636363636362,0.23529411764705888,0.286764705882353,0.33333333333333326,0.0,0.0,0.2571428571428569,0.4285714285714286
Diu Beach,Jan,2023.0,0.31935709294199865,0.2007874015748029,0.35991058122205644,0.0,0.3615561402924425,0.5024717514124294,0.9752747252747298,0.6363636363636362,0.17647058823529416,0.25,0.2666666666666666,0.0,0.0,0.2571428571428569,0.4285714285714286
Diu Beach,Feb,2023.0,0.519916142557652,0.3759842519685038,0.6915052160953801,0.0,0.5274955867168504,0.48057909604519766,0.9017857142857224,0.5454545454545454,0.23529411764705888,0.32352941176470595,0.33333333333333326,0.0,0.0,0.19999999999999996,0.5714285714285714
Diu Beach,Mar,2023.0,0.6352201257861636,0.637795275590551,0.7026825633383011,0.0,0.5936448722645971,0.5310734463276836,0.765796703296715,0.45454545454545453,0.3529411764705883,0.3970588235294118,0.4,0.0,0.0,0.1428571428571428,0.7142857142857142
Diu Beach,Apr,2023.0,0.7484276729559749,0.7395013123359578,0.8420268256333827,0.007421261017488709,0.8398561103154248,0.6638418079096046,0.6092032967032992,0.3636363636363637,0.41176470588235303,0.4338235294117648,0.4666666666666667,1.0,0.0,0.05714285714285694,0.857142857142857
Diu Beach,May,2023.0,0.8441649196366177,0.9146981627296588,0.834575260804769,0.0009550148226258928,0.8203377410651833,0.7718926553672316,0.5432692307692406,0.27272727272727276,0.5294117647058825,0.5073529411764707,0.6000000000000001,1.0,0.0,0.19999999999999996,0.7142857142857142
Diu Beach,Jun,2023.0,0.7875611460517122,0.9356955380577426,0.6236959761549925,0.18841646604723344,0.6952003464010924,1.0,0.2568681318681314,0.18181818181818182,0.6470588235294119,0.5441176470588236,0.7333333333333334,1.0,1.0,0.48571428571428554,0.4285714285714286
Diu Beach,Jul,2023.0,0.6757512229210343,0.8503937007874015,0.468703427719821,0.2861861085135592,0.7896279519035405,0.9360875706214689,0.2019230769230802,0.09090909090909088,0.5882352941176472,0.5073529411764707,0.6666666666666666,1.0,1.0,0.6285714285714283,0.2857142857142857
Diu Beach,Aug,2023.0,0.671558350803634,0.8405511811023619,0.5856929955290608,0.011619347008615027,0.7654464910235486,0.9170197740112995,0.4278846153846274,0.18181818181818182,0.41176470588235303,0.4338235294117648,0.4666666666666667,0.0,0.0,0.5428571428571429,0.1428571428571428
Diu Beach,Sep,2023.0,0.7547169811320753,0.8556430446194222,0.8435171385991058,0.04462704681562245,0.8181061186423741,0.6546610169491525,0.396978021978029,0.27272727272727276,0.2941176470588236,0.3970588235294118,0.4,0.0,0.0,0.4285714285714286,0.2857142857142857
Diu Beach,Oct,2023.0,0.7533193570929422,0.7618110236220471,0.8420268256333827,0.0,0.6493022016454051,0.43220338983050843,0.7548076923076934,0.45454545454545453,0.3529411764705883,0.3602941176470589,0.33333333333333326,0.0,0.0,0.3142857142857143,0.4285714285714286
Diu Beach,Nov,2023.0,0.6443046820405312,0.6784776902887136,0.6557377049180326,0.021229183661288075,0.13929320854011923,0.40536723163841804,0.8221153846153868,0.6363636363636362,0.2941176470588236,0.32352941176470595,0.33333333333333326,0.0,0.0,0.2571428571428569,0.5714285714285714
Diu Beach,Dec,2023.0,0.4682040531097136,0.4842519685039367,0.4679582712369599,0.00045761126917490694,0.12130699796822435,0.47846045197740117,0.8901098901098976,0.6363636363636362,0.23529411764705888,0.286764705882353,0.2666666666666666,0.0,0.0,0.34285714285714275,0.4285714285714286
Gokarna Beach,Jan,2022.0,0.4828791055206152,0.44750656167978986,0.5968703427719819,0.0002586498477945126,0.2184325350564567,0.24999999999999994,0.6950549450549488,0.7272727272727273,0.11764705882352944,0.25,0.33333333333333326,0.0,0.0,0.4285714285714286,0.2857142857142857
Gokarna Beach,Feb,2022.0,0.5066387141858841,0.45341207349081347,0.5991058122205661,0.0,0.35715951104153487,0.2401129943502825,0.6263736263736348,0.6363636363636362,0.23529411764705888,0.32352941176470595,0.4,0.0,0.0,0.34285714285714275,0.4285714285714286
Gokarna Beach,Mar,2022.0,0.6673654786862333,0.637795275590551,0.6810730253353205,0.00527247766658045,0.49758518469173635,0.21468926553672313,0.5096153846153868,0.5454545454545454,0.3529411764705883,0.3970588235294118,0.4666666666666667,0.0,0.0,0.2571428571428569,0.5714285714285714
Gokarna Beach,Apr,2022.0,0.7568134171907759,0.748031496062992,0.7444113263785397,0.026521557470006563,0.7493588249009092,0.20833333333333331,0.4766483516483504,0.45454545454545453,0.2941176470588236,0.3602941176470589,0.43333333333333335,0.0,0.0,0.19999999999999996,0.7142857142857142
Gokarna Beach,May,2022.0,0.6883298392732355,0.7467191601049866,0.6251862891207152,0.24438431388153833,0.8292309229590648,0.3361581920903955,0.3413461538461604,0.3636363636363637,0.41176470588235303,0.4705882352941177,0.5333333333333333,1.0,0.0,0.3999999999999997,0.5714285714285714
Gokarna Beach,Jun,2022.0,0.5779175401816912,0.6771653543307085,0.5350223546944859,0.5280436123435666,0.6568963794424274,0.27259887005649713,0.3791208791208902,0.09090909090909088,0.6470588235294119,0.5441176470588236,0.6666666666666666,1.0,1.0,0.6285714285714283,0.4285714285714286
Gokarna Beach,Jul,2022.0,0.5115303983228514,0.6719160104986875,0.36438152011922487,0.779610433536937,0.8622389501382273,0.3862994350282486,0.4079670329670364,0.0,0.5294117647058825,0.5073529411764707,0.6000000000000001,1.0,1.0,0.7142857142857142,0.2857142857142857
Gokarna Beach,Aug,2022.0,0.5066387141858841,0.6758530183727033,0.35618479880774956,0.47372714430671886,0.8579422442793857,0.41172316384180785,0.4024725274725398,0.09090909090909088,0.3529411764705883,0.3970588235294118,0.4666666666666667,0.0,0.0,0.5714285714285714,0.1428571428571428
Gokarna Beach,Sep,2022.0,0.5290006988120197,0.64501312335958,0.41803278688524603,0.32888322954179183,0.7749059054724712,0.2842514124293785,0.493818681318686,0.18181818181818182,0.2941176470588236,0.3602941176470589,0.4,0.0,0.0,0.48571428571428554,0.2857142857142857
Gokarna Beach,Oct,2022.0,0.5807127882599581,0.6049868766404197,0.5581222056631892,0.07451105230695768,0.43536621923192215,0.1995056497175141,0.5782967032967008,0.3636363636363637,0.23529411764705888,0.32352941176470595,0.3666666666666667,0.0,0.0,0.3714285714285712,0.4285714285714286
Gokarna Beach,Nov,2022.0,0.6226415094339623,0.5879265091863516,0.7354694485842024,0.030978293308927395,0.2061086500349732,0.19597457627118642,0.6256868131868174,0.6363636363636362,0.3529411764705883,0.3970588235294118,0.43333333333333335,0.0,0.0,0.2571428571428569,0.5714285714285714
Gokarna Beach,Dec,2022.0,0.5639412997903566,0.4940944881889763,0.7190760059612518,0.016553590258848807,0.1659061386270526,0.240819209039548,0.6023351648351678,0.6363636363636362,0.2941176470588236,0.32352941176470595,0.4,0.0,0.0,0.3142857142857143,0.4285714285714286
Gokarna Beach,Jan,2023.0,0.49545772187281645,0.42060367454068237,0.6266766020864378,0.0006366765484172619,0.20510941611431238,0.3633474576271186,0.7287087912088026,0.7272727272727273,0.17647058823529416,0.286764705882353,0.33333333333333326,0.0,0.0,0.3714285714285712,0.2857142857142857
Gokarna Beach,Feb,2023.0,0.5856044723969254,0.4671916010498688,0.7496274217585692,0.0,0.19131998800919298,0.3160310734463277,0.6785714285714306,0.6363636363636362,0.2941176470588236,0.32352941176470595,0.4,0.0,0.0,0.2857142857142858,0.4285714285714286
Gokarna Beach,Mar,2023.0,0.7658979734451434,0.5269028871391076,0.783159463487332,0.005133204671614174,0.6713186556972986,0.4463276836158192,0.6565934065934158,0.5454545454545454,0.41176470588235303,0.3602941176470589,0.4666666666666667,0.0,0.0,0.19999999999999996,0.5714285714285714
Gokarna Beach,Apr,2023.0,0.8064290705800139,0.7893700787401573,0.7026825633383011,0.0022482640615984558,0.8567431635745928,0.41384180790960445,0.558379120879124,0.45454545454545453,0.3529411764705883,0.3970588235294118,0.43333333333333335,0.0,0.0,0.1428571428571428,0.7142857142857142
Gokarna Beach,May,2023.0,0.8476589797344514,0.8274278215223095,0.69672131147541,0.028550963968086585,0.8992106052026779,0.4932909604519774,0.5638736263736348,0.3636363636363637,0.47058823529411775,0.5073529411764707,0.5333333333333333,1.0,0.0,0.34285714285714275,0.5714285714285714
Gokarna Beach,Jun,2023.0,0.6855345911949686,0.7775590551181101,0.5223546944858417,0.4225343705855434,0.707524231422576,0.461864406779661,0.5048076923076934,0.09090909090909088,0.7058823529411766,0.5441176470588236,0.6666666666666666,1.0,1.0,0.5428571428571429,0.4285714285714286
Gokarna Beach,Jul,2023.0,0.509433962264151,0.679790026246719,0.28912071535022354,0.9811384572531386,0.7999200612863471,0.6186440677966101,0.554258241758248,0.0,0.5882352941176472,0.5073529411764707,0.6000000000000001,1.0,1.0,0.6285714285714283,0.2857142857142857
Gokarna Beach,Aug,2023.0,0.6219426974143956,0.7198162729658789,0.427719821162444,0.09388989474940809,0.8537454618126102,0.39088983050847453,0.6380494505494596,0.09090909090909088,0.41176470588235303,0.3970588235294118,0.4666666666666667,0.0,0.0,0.48571428571428554,0.1428571428571428
Gokarna Beach,Sep,2023.0,0.5890985324947591,0.711286089238845,0.4135618479880776,0.26501661327868525,0.7583519301868566,0.3951271186440678,0.5473901098901166,0.18181818181818182,0.3529411764705883,0.3602941176470589,0.43333333333333335,0.0,0.0,0.4285714285714286,0.2857142857142857
Gokarna Beach,Oct,2023.0,0.6505939902166318,0.7381889763779527,0.5655737704918034,0.0835041085533515,0.49898411218066147,0.3110875706214689,0.7060439560439562,0.3636363636363637,0.2941176470588236,0.32352941176470595,0.4,0.0,0.0,0.3142857142857143,0.4285714285714286
Gokarna Beach,Nov,2023.0,0.6722571628232006,0.6778215223097112,0.6833084947839048,0.041841586916296934,0.18112780201845252,0.28248587570621464,0.642857142857153,0.6363636363636362,0.41176470588235303,0.3602941176470589,0.43333333333333335,0.0,0.0,0.2571428571428569,0.5714285714285714
Gokarna Beach,Dec,2023.0,0.7064989517819709,0.6679790026246718,0.7943368107302531,0.008734406398599312,0.21586783466009396,0.3845338983050847,0.6414835164835182,0.6363636363636362,0.3529411764705883,0.32352941176470595,0.4,0.0,0.0,0.3714285714285712,0.4285714285714286
Kovalam Beach,Jan,2022.0,0.7141858839972048,0.6299212598425196,0.5953800298062593,0.0009948071069019718,0.9197282083735802,0.13559322033898308,0.679258241758248,0.8181818181818181,0.17647058823529416,0.32352941176470595,0.33333333333333326,0.0,0.0,0.6285714285714283,0.2857142857142857
Kovalam Beach,Feb,2022.0,0.7058001397624039,0.6417322834645668,0.6095380029806257,0.15320029446290365,0.8027512240615526,0.11758474576271187,0.6201923076923066,0.7272727272727273,0.23529411764705888,0.3970588235294118,0.4,0.0,0.0,0.48571428571428554,0.4285714285714286
Kovalam Beach,Mar,2022.0,0.76659678546471,0.7309711286089237,0.6661698956780921,0.04106563737291339,0.876428071811611,0.15360169491525422,0.5556318681318828,0.5454545454545454,0.2941176470588236,0.3602941176470589,0.4666666666666667,0.0,0.0,0.34285714285714275,0.5714285714285714
Kovalam Beach,Apr,2022.0,0.7267645003494061,0.7572178477690287,0.6751117734724295,0.08485704621873817,0.6885387869300202,0.14583333333333331,0.5295329670329778,0.3636363636363637,0.3529411764705883,0.4705882352941177,0.5333333333333333,0.0,0.0,0.6285714285714283,0.7142857142857142
Kovalam Beach,May,2022.0,0.6722571628232006,0.7388451443569554,0.5909090909090908,0.3295596983744852,0.9452086733504313,0.24258474576271188,0.4539835164835182,0.27272727272727276,0.5294117647058825,0.5441176470588236,0.6666666666666666,1.0,0.0,0.7714285714285711,0.5714285714285714
Kovalam Beach,Jun,2022.0,0.6848357791754018,0.7158792650918634,0.5551415797317434,0.12110781719424601,0.9546680877993537,0.3096751412429379,0.4910714285714306,0.09090909090909088,0.7058823529411766,0.6176470588235294,0.7999999999999999,1.0,1.0,0.9142857142857144,0.4285714285714286
Kovalam Beach,Jul,2022.0,0.6100628930817611,0.6633858267716534,0.4925484351713858,0.0941485445972026,0.9556007061253039,0.3834745762711865,0.5034340659340728,0.0,0.6470588235294119,0.5808823529411765,0.7333333333333334,1.0,1.0,0.9999999999999998,0.2857142857142857
Kovalam Beach,Aug,2022.0,0.5897973445143256,0.6706036745406821,0.468703427719821,0.1611587513181194,0.9343503314125837,0.36405367231638414,0.5034340659340728,0.09090909090909088,0.47058823529411775,0.5073529411764707,0.6000000000000001,1.0,0.0,0.7714285714285711,0.1428571428571428
Kovalam Beach,Sep,2022.0,0.6491963661774984,0.7145669291338582,0.5022354694485842,0.0624141978870297,0.9132331878892848,0.2966101694915254,0.5879120879120876,0.18181818181818182,0.41176470588235303,0.4705882352941177,0.5333333333333333,0.0,0.0,0.6285714285714283,0.2857142857142857
Kovalam Beach,Oct,2022.0,0.6457023060796645,0.6817585301837269,0.5186289120715348,0.19030659955034715,0.890184192119375,0.20127118644067798,0.6229395604395762,0.3636363636363637,0.2941176470588236,0.3970588235294118,0.4666666666666667,0.0,0.0,0.48571428571428554,0.4285714285714286
Kovalam Beach,Nov,2022.0,0.6450034940600979,0.643044619422572,0.5342771982116243,0.12355504267722488,0.739366485694301,0.10028248587570622,0.6504120879121018,0.6363636363636362,0.23529411764705888,0.3602941176470589,0.4,0.0,0.0,0.34285714285714275,0.5714285714285714
Kovalam Beach,Dec,2022.0,0.6610761705101327,0.630577427821522,0.5640834575260802,0.07624201667296711,0.8107784032241947,0.10840395480225991,0.608516483516496,0.6363636363636362,0.17647058823529416,0.32352941176470595,0.33333333333333326,0.0,0.0,0.48571428571428554,0.4285714285714286
Kovalam Beach,Jan,2023.0,0.6561844863731656,0.582020997375328,0.557377049180328,0.031256839298859945,0.8041168437531225,0.06814971751412428,0.7300824175824232,0.8181818181818181,0.23529411764705888,0.32352941176470595,0.4,0.0,0.0,0.6285714285714283,0.4285714285714286
Kovalam Beach,Feb,2023.0,0.7071977638015374,0.6587926509186349,0.576751117734724,0.003899643859055729,0.9446757485927454,0.0,0.7101648351648464,0.7272727272727273,0.2941176470588236,0.3970588235294118,0.4666666666666667,0.0,0.0,0.48571428571428554,0.5714285714285714
Kovalam Beach,Mar,2023.0,0.8190076869322152,0.8234908136482938,0.6766020864381517,0.021945444778257495,0.8976118309296206,0.09145480225988702,0.6483516483516496,0.5454545454545454,0.3529411764705883,0.4338235294117648,0.5333333333333333,0.0,0.0,0.34285714285714275,0.7142857142857142
Kovalam Beach,Apr,2023.0,0.8560447239692524,0.835301837270341,0.7339791356184797,0.042577744175404386,0.8259667588182393,0.10981638418079097,0.5666208791208902,0.3636363636363637,0.41176470588235303,0.5073529411764707,0.6000000000000001,0.0,0.0,0.6285714285714283,0.5714285714285714
Kovalam Beach,May,2023.0,0.8686233403214536,0.8307086614173226,0.7377049180327866,0.07843059230815144,0.9200612863471339,0.21151129943502822,0.582417582417591,0.27272727272727276,0.5882352941176472,0.5441176470588236,0.7333333333333334,1.0,0.0,0.7714285714285711,0.4285714285714286
Kovalam Beach,Jun,2023.0,0.7540181691125087,0.7368766404199473,0.6385991058122205,0.11565627424842322,0.9688572094727373,0.3474576271186441,0.5535714285714306,0.09090909090909088,0.7647058823529413,0.6176470588235294,0.8666666666666667,1.0,1.0,0.9142857142857144,0.2857142857142857
Kovalam Beach,Jul,2023.0,0.6820405310971349,0.6975065616797899,0.5551415797317434,0.08883627464634607,0.9481064517203478,0.4060734463276836,0.6160714285714306,0.0,0.7058823529411766,0.5808823529411765,0.7999999999999999,1.0,1.0,0.9999999999999998,0.1428571428571428
Kovalam Beach,Aug,2023.0,0.7309573724668064,0.7690288713910759,0.5834575260804766,0.027078649449871667,0.9339173300469638,0.3905367231638418,0.6394230769230802,0.09090909090909088,0.5294117647058825,0.5073529411764707,0.6666666666666666,1.0,0.0,0.7714285714285711,0.2857142857142857
Kovalam Beach,Sep,2023.0,0.6680642907058001,0.6916010498687662,0.5059612518628911,0.3073953960327092,0.9396795789894413,0.2108050847457627,0.6222527472527446,0.18181818181818182,0.47058823529411775,0.4705882352941177,0.6000000000000001,0.0,0.0,0.6285714285714283,0.4285714285714286
Kovalam Beach,Oct,2023.0,0.7092941998602376,0.702755905511811,0.5849478390461997,0.4229521895704422,0.7843653199213936,0.10981638418079097,0.7225274725274744,0.3636363636363637,0.3529411764705883,0.4338235294117648,0.5333333333333333,0.0,0.0,0.48571428571428554,0.5714285714285714
Kovalam Beach,Nov,2023.0,0.7407407407407409,0.7335958005249342,0.5938897168405362,0.12242096257535662,0.5494121173766778,0.06214689265536723,0.6572802197802332,0.6363636363636362,0.2941176470588236,0.3970588235294118,0.4666666666666667,0.0,0.0,0.34285714285714275,0.4285714285714286
Kovalam Beach,Dec,2023.0,0.7686932215234106,0.8097112860892387,0.6393442622950816,0.08806032510296254,0.7844652433134597,0.06814971751412428,0.6421703296703356,0.6363636363636362,0.23529411764705888,0.3602941176470589,0.4,0.0,0.0,0.48571428571428554,0.2857142857142857
Mandarmani Beach,Jan,2022.0,0.0,0.0,0.0,0.029386601937884244,0.5522765879492388,0.16101694915254233,0.9526098901098976,0.5454545454545454,0.0,0.32352941176470595,0.19999999999999998,0.0,0.0,0.48571428571428554,0.4285714285714286
Mandarmani Beach,Feb,2022.0,0.21034241788958763,0.2158792650918634,0.20193740685543982,0.007043234316865959,0.5482130366718848,0.1906779661016949,0.8193681318681314,0.45454545454545453,0.05882352941176472,0.25,0.2666666666666666,0.0,0.0,0.34285714285714275,0.5714285714285714
Mandarmani Beach,Mar,2022.0,0.5960866526904263,0.6023622047244094,0.622950819672131,0.0010345993911780504,0.6428404889584651,0.27930790960451973,0.5597527472527588,0.3636363636363637,0.11764705882352944,0.32352941176470595,0.33333333333333326,0.0,0.0,0.19999999999999996,0.5714285714285714
Mandarmani Beach,Apr,2022.0,0.751222921034242,0.8845144356955378,0.6140089418777945,0.007421261017488709,0.5717283416047696,0.5321327683615819,0.3825549450549488,0.27272727272727276,0.17647058823529416,0.3970588235294118,0.4,0.0,0.0,0.34285714285714275,0.7142857142857142
Mandarmani Beach,May,2022.0,0.7791754018169113,0.9087926509186351,0.6363636363636362,0.08877658621993194,0.5415181694034573,0.4399717514124294,0.151098901098905,0.18181818181818182,0.23529411764705888,0.4705882352941177,0.4666666666666667,0.0,0.0,0.48571428571428554,0.7142857142857142
Mandarmani Beach,Jun,2022.0,0.7868623340321452,0.9383202099737532,0.6199701937406856,0.1081753248045204,0.5781567464943543,0.5052966101694916,0.0659340659340728,0.09090909090909088,0.41176470588235303,0.5441176470588236,0.5333333333333333,0.0,0.0,0.6285714285714283,0.5714285714285714
Mandarmani Beach,Jul,2022.0,0.695317959468903,0.8444881889763779,0.5081967213114753,0.23606772646783789,0.46834093861372944,0.3845338983050847,0.042582417582423204,0.18181818181818182,0.5294117647058825,0.6176470588235294,0.6666666666666666,0.0,0.0,0.7714285714285711,0.4285714285714286
Mandarmani Beach,Aug,2022.0,0.6743535988819007,0.8293963254593174,0.4918032786885247,0.2557649071844969,0.5553742131032874,0.30579096045197734,0.04807692307693401,0.27272727272727276,0.41176470588235303,0.5441176470588236,0.6000000000000001,0.0,0.0,0.6285714285714283,0.2857142857142857
Mandarmani Beach,Sep,2022.0,0.6778476589797346,0.8339895013123358,0.5067064083457526,0.19810588726845865,0.47879958698331276,0.2853107344632768,0.2967032967032992,0.3636363636363637,0.3529411764705883,0.4705882352941177,0.5333333333333333,0.0,0.0,0.48571428571428554,0.2857142857142857
Mandarmani Beach,Oct,2022.0,0.5737246680642907,0.67257217847769,0.468703427719821,0.09440719444499711,0.43063651200746095,0.2040960451977401,0.6092032967032992,0.5454545454545454,0.23529411764705888,0.3970588235294118,0.4666666666666667,0.0,0.0,0.34285714285714275,0.4285714285714286
Mandarmani Beach,Nov,2022.0,0.3529000698812019,0.32742782152230976,0.401639344262295,0.0,0.5316590613862705,0.1627824858757062,0.8125000000000142,0.7272727272727273,0.11764705882352944,0.32352941176470595,0.33333333333333326,0.0,0.0,0.19999999999999996,0.5714285714285714
Mandarmani Beach,Dec,2022.0,0.19636617749825303,0.16994750656167967,0.2712369597615498,5.96884264141183e-05,0.7214801985144722,0.16560734463276838,0.8681318681318686,0.7272727272727273,0.05882352941176472,0.25,0.2666666666666666,0.0,0.0,0.34285714285714275,0.4285714285714286
Mandarmani Beach,Jan,2023.0,0.14814814814814814,0.1010498687664042,0.18852459016393452,0.00385985157477965,0.3843386736835093,0.26483050847457623,0.993818681318686,0.5454545454545454,0.05882352941176472,0.32352941176470595,0.2666666666666666,1.0,0.0,0.48571428571428554,0.4285714285714286
Mandarmani Beach,Feb,2023.0,0.3438155136268344,0.332020997375328,0.35096870342772,0.0008555341119356955,0.6308829897078906,0.38524011299435024,0.836538461538467,0.45454545454545453,0.11764705882352944,0.3970588235294118,0.33333333333333326,1.0,0.0,0.34285714285714275,0.5714285714285714
Mandarmani Beach,Mar,2023.0,0.5290006988120197,0.550524934383202,0.5074515648286138,0.03921529615407572,0.6398427871964827,0.3870056497175141,0.7506868131868174,0.3636363636363637,0.17647058823529416,0.4705882352941177,0.4,1.0,0.0,0.19999999999999996,0.5714285714285714
Mandarmani Beach,Apr,2023.0,0.7651991614255764,0.7650918635170602,0.788375558867362,0.02526810051531008,0.6492355860506944,0.417725988700565,0.4835164835164818,0.27272727272727276,0.23529411764705888,0.5441176470588236,0.4666666666666667,1.0,0.0,0.34285714285714275,0.7142857142857142
Mandarmani Beach,May,2023.0,0.8183088749126486,0.903543307086614,0.7153502235469449,0.04068761067229064,0.5532425140725443,0.6140536723163842,0.3880494505494596,0.18181818181818182,0.3529411764705883,0.6176470588235294,0.5333333333333333,1.0,0.0,0.48571428571428554,0.7142857142857142
Mandarmani Beach,Jun,2023.0,0.8658280922431865,0.9999999999999999,0.721311475409836,0.10936909333280276,0.5463144922226293,0.695268361581921,0.0370879120879124,0.09090909090909088,0.5294117647058825,0.6911764705882353,0.6666666666666666,1.0,0.0,0.6285714285714283,0.5714285714285714
Mandarmani Beach,Jul,2023.0,0.7295597484276728,0.8805774278215223,0.5491803278688523,0.16617257913690534,0.4699730206841422,0.6638418079096046,0.0556318681318686,0.18181818181818182,0.5882352941176472,0.6911764705882353,0.7333333333333334,1.0,0.0,0.7714285714285711,0.4285714285714286
Mandarmani Beach,Aug,2023.0,0.7232704402515724,0.8517060367454067,0.5640834575260802,0.20755655478402738,0.6501682043766446,0.5879237288135594,0.0982142857142918,0.27272727272727276,0.47058823529411775,0.6176470588235294,0.6666666666666666,1.0,0.0,0.6285714285714283,0.2857142857142857
Mandarmani Beach,Sep,2023.0,0.6743535988819007,0.8038057742782151,0.49329359165424735,0.22582121326674756,0.456483362755221,0.5451977401129944,0.1943681318681456,0.3636363636363637,0.41176470588235303,0.5441176470588236,0.6000000000000001,1.0,0.0,0.48571428571428554,0.2857142857142857
Mandarmani Beach,Oct,2023.0,0.6177498252969953,0.6732283464566929,0.5424739195231001,0.11378603688744753,0.5228324950870998,0.3760593220338983,0.6174450549450654,0.5454545454545454,0.2941176470588236,0.4705882352941177,0.5333333333333333,1.0,0.0,0.34285714285714275,0.4285714285714286
Mandarmani Beach,Nov,2023.0,0.438155136268344,0.42913385826771633,0.459016393442623,0.010604643759575018,0.34813309795823205,0.2916666666666667,0.8942307692307736,0.7272727272727273,0.17647058823529416,0.3970588235294118,0.4666666666666667,1.0,0.0,0.19999999999999996,0.5714285714285714
Mandarmani Beach,Dec,2023.0,0.15164220824598185,0.12664041994750652,0.1922503725782414,0.003342551879190625,0.6578956133630882,0.3301553672316384,1.0,0.7272727272727273,0.11764705882352944,0.32352941176470595,0.4,1.0,0.0,0.34285714285714275,0.4285714285714286
Marina Beach,Jan,2022.0,0.47589098532494756,0.5452755905511809,0.4113263785394934,0.024452358687650465,0.1535489458082137,0.19985875706214684,0.8214285714285836,0.9090909090909092,0.2941176470588236,0.3970588235294118,0.5333333333333333,0.0,0.0,0.19999999999999996,0.5714285714285714
Marina Beach,Feb,2022.0,0.5066387141858841,0.5177165354330707,0.4791356184798805,0.0014126260918007995,0.18109449422109714,0.19597457627118642,0.7685439560439562,0.7272727272727273,0.3529411764705883,0.4705882352941177,0.6000000000000001,0.0,0.0,0.05714285714285694,0.5714285714285714
Marina Beach,Mar,2022.0,0.663172606568833,0.6528871391076113,0.685543964232489,0.008336483555838521,0.28944475901808614,0.2397598870056497,0.5975274725274886,0.5454545454545454,0.41176470588235303,0.5441176470588236,0.6666666666666666,0.0,0.0,0.19999999999999996,0.7142857142857142
Marina Beach,Apr,2022.0,0.7931516422082461,0.8274278215223095,0.7727272727272725,0.006366765484172619,0.44392632315224995,0.24999999999999994,0.5185439560439562,0.3636363636363637,0.47058823529411775,0.6176470588235294,0.7333333333333334,0.0,0.0,0.34285714285714275,0.857142857142857
Marina Beach,May,2022.0,0.8539482879105522,0.8845144356955378,0.8994038748137108,0.044428085394242055,0.5925457149518701,0.27048022598870053,0.2280219780219852,0.27272727272727276,0.5882352941176472,0.6911764705882353,0.8666666666666667,1.0,0.0,0.48571428571428554,0.7142857142857142
Marina Beach,Jun,2022.0,0.8357791754018167,0.8549868766404197,0.9090909090909092,0.06193669047571675,0.6226892715584718,0.2298728813559322,0.2603021978022042,0.09090909090909088,0.7058823529411766,0.7647058823529413,0.9333333333333333,1.0,1.0,0.6285714285714283,0.4285714285714286
Marina Beach,Jul,2022.0,0.7372466806429072,0.7946194225721782,0.7459016393442619,0.10236565130021287,0.6802451453885354,0.2503531073446328,0.269917582417591,0.0,0.6470588235294119,0.6911764705882353,0.8666666666666667,1.0,1.0,0.7714285714285711,0.2857142857142857
Marina Beach,Aug,2022.0,0.7323549965059399,0.779527559055118,0.7503725782414308,0.11507928612642007,0.6878726309829131,0.22281073446327682,0.2795329670329778,0.09090909090909088,0.5294117647058825,0.6176470588235294,0.7999999999999999,1.0,0.0,0.6285714285714283,0.2857142857142857
Marina Beach,Sep,2022.0,0.7211740041928723,0.7755905511811022,0.7131147540983607,0.09888382642605598,0.641907870632515,0.1850282485875706,0.399038461538467,0.18181818181818182,0.47058823529411775,0.5441176470588236,0.7333333333333334,0.0,0.0,0.48571428571428554,0.4285714285714286
Marina Beach,Oct,2022.0,0.5946890286512929,0.6732283464566929,0.5663189269746649,0.15397624400628718,0.47180494953868696,0.1716101694915254,0.5721153846153868,0.3636363636363637,0.3529411764705883,0.4705882352941177,0.6000000000000001,0.0,0.0,0.34285714285714275,0.5714285714285714
Marina Beach,Nov,2022.0,0.4661076170510132,0.5754593175853017,0.36363636363636376,0.22044925488947692,0.23055657329380808,0.22281073446327682,0.7300824175824232,0.6363636363636362,0.2941176470588236,0.3970588235294118,0.5333333333333333,0.0,0.0,0.19999999999999996,0.5714285714285714
Marina Beach,Dec,2022.0,0.4744933612858142,0.5898950131233595,0.37481371087928483,0.13837766857006426,0.24088199047396996,0.27365819209039544,0.7170329670329636,0.5454545454545454,0.23529411764705888,0.32352941176470595,0.4666666666666667,0.0,0.0,0.19999999999999996,0.4285714285714286
Marina Beach,Jan,2023.0,0.42837176799440946,0.4652230971128607,0.3785394932935917,0.0028849406100157175,0.08693335109749191,0.31179378531073443,0.9079670329670364,0.9090909090909092,0.3529411764705883,0.4705882352941177,0.6000000000000001,0.0,0.0,0.19999999999999996,0.5714285714285714
Marina Beach,Feb,2023.0,0.47938504542278126,0.46916010498687666,0.5059612518628911,0.0,0.17539886087333045,0.2807203389830508,0.8502747252747298,0.7272727272727273,0.41176470588235303,0.5441176470588236,0.6666666666666666,0.0,0.0,0.05714285714285694,0.5714285714285714
Marina Beach,Mar,2023.0,0.6170510132774285,0.637795275590551,0.5998509687034272,0.02843158711525835,0.28021849915065117,0.3757062146892655,0.7506868131868174,0.5454545454545454,0.47058823529411775,0.6176470588235294,0.7333333333333334,0.0,0.0,0.19999999999999996,0.7142857142857142
Marina Beach,Apr,2023.0,0.767295597484277,0.7926509186351706,0.7861400894187778,0.009888382642605598,0.4521533490990241,0.42090395480225995,0.5796703296703356,0.3636363636363637,0.5294117647058825,0.6911764705882353,0.7999999999999999,0.0,0.0,0.34285714285714275,0.857142857142857
Marina Beach,May,2023.0,0.8462613556953182,0.8825459317585299,0.8874813710879281,0.04088657209367104,0.564100856010392,0.39159604519774016,0.4471153846153868,0.27272727272727276,0.6470588235294119,0.7647058823529413,0.9333333333333333,1.0,0.0,0.48571428571428554,0.7142857142857142
Marina Beach,Jun,2023.0,0.9105520614954576,0.9160104986876639,1.0,0.04178189848988281,0.6812110715118409,0.4307909604519774,0.2891483516483646,0.09090909090909088,0.8235294117647061,0.8382352941176472,1.0,1.0,1.0,0.6285714285714283,0.4285714285714286
Marina Beach,Jul,2023.0,0.7833682739343115,0.8287401574803147,0.7749627421758567,0.08433974652314916,0.7242780534923225,0.38524011299435024,0.334478021978029,0.0,0.7058823529411766,0.7647058823529413,0.9333333333333333,1.0,1.0,0.7714285714285711,0.2857142857142857
Marina Beach,Aug,2023.0,0.8001397624039135,0.8011811023622045,0.8420268256333827,0.07522731342392709,0.6554308363587915,0.3785310734463277,0.441620879120876,0.09090909090909088,0.5882352941176472,0.6911764705882353,0.8666666666666667,1.0,0.0,0.6285714285714283,0.2857142857142857
Marina Beach,Sep,2023.0,0.7302585604472398,0.7749343832020995,0.7704918032786883,0.1439087960844392,0.6784132165339906,0.3831214689265537,0.3942307692307736,0.18181818181818182,0.5294117647058825,0.6176470588235294,0.7999999999999999,0.0,0.0,0.48571428571428554,0.4285714285714286
Marina Beach,Oct,2023.0,0.679245283018868,0.7349081364829394,0.6631892697466468,0.015916913710431548,0.33274489558005527,0.2676553672316384,0.6909340659340728,0.3636363636363637,0.41176470588235303,0.5441176470588236,0.6666666666666666,0.0,0.0,0.34285714285714275,0.5714285714285714
Marina Beach,Nov,2023.0,0.5359888190076869,0.669291338582677,0.4165424739195229,0.1970314955930045,0.03990274123172234,0.3280367231638418,0.7884615384615472,0.6363636363636362,0.2941176470588236,0.4705882352941177,0.5333333333333333,0.0,0.0,0.19999999999999996,0.5714285714285714
Marina Beach,Dec,2023.0,0.49755415793151636,0.6227034120734908,0.37481371087928483,0.20363701478283358,0.1058521799953369,0.5021186440677967,0.8179945054945108,0.5454545454545454,0.23529411764705888,0.32352941176470595,0.4666666666666667,0.0,0.0,0.19999999999999996,0.4285714285714286
Palolem Beach,Jan,2022.0,0.6519916142557651,0.4855643044619423,0.7228017883755591,5.96884264141183e-05,0.5215334909902408,0.2955508474576271,0.7712912087912116,0.7272727272727273,0.17647058823529416,0.286764705882353,0.33333333333333326,0.0,0.0,0.2571428571428569,0.2857142857142857
Palolem Beach,Feb,2022.0,0.7106918238993711,0.47572178477690275,0.757078986587183,0.0,0.7168837224794324,0.2764830508474576,0.67719780219781,0.6363636363636362,0.23529411764705888,0.32352941176470595,0.4,0.0,0.0,0.19999999999999996,0.4285714285714286
Palolem Beach,Mar,2022.0,0.8294898672257163,0.7526246719160102,0.8628912071535022,0.0010942878175921689,0.548412883456017,0.2178672316384181,0.5776098901098976,0.5454545454545454,0.3529411764705883,0.3602941176470589,0.4666666666666667,0.0,0.0,0.1428571428571428,0.5714285714285714
Palolem Beach,Apr,2022.0,1.0,0.8431758530183725,0.9150521609538003,0.0168520323909194,0.8568430869666588,0.23587570621468928,0.5350274725274744,0.45454545454545453,0.41176470588235303,0.3970588235294118,0.5333333333333333,0.0,0.0,0.34285714285714275,0.7142857142857142
Palolem Beach,May,2022.0,0.9461914744933613,0.8871391076115483,0.8375558867362147,0.08658801058474762,0.9287213136595275,0.4424435028248588,0.3935439560439562,0.3636363636363637,0.5294117647058825,0.4705882352941177,0.6666666666666666,1.0,0.0,0.48571428571428554,0.5714285714285714
Palolem Beach,Jun,2022.0,0.7323549965059399,0.7513123359580051,0.5752608047690013,0.632697319989654,0.7446957332711587,0.26694915254237284,0.4299450549450654,0.09090909090909088,0.8235294117647061,0.5441176470588236,0.8666666666666667,1.0,1.0,0.6285714285714283,0.4285714285714286
Palolem Beach,Jul,2022.0,0.6568832983927324,0.7191601049868764,0.4679582712369599,0.7881458785141561,0.8979116011058187,0.46292372881355937,0.461538461538467,0.0,0.7058823529411766,0.5073529411764707,0.7999999999999999,1.0,1.0,0.7142857142857142,0.2857142857142857
Palolem Beach,Aug,2022.0,0.6408106219426974,0.7152230971128609,0.45752608047690035,0.34593422335409163,0.8814908570096259,0.4932909604519774,0.4526098901098976,0.09090909090909088,0.47058823529411775,0.3970588235294118,0.6000000000000001,0.0,0.0,0.5714285714285714,0.1428571428571428
Palolem Beach,Sep,2022.0,0.687631027253669,0.6883202099737532,0.5238450074515648,0.20791468534251206,0.7865636345468474,0.3319209039548022,0.5473901098901166,0.18181818181818182,0.41176470588235303,0.3602941176470589,0.5333333333333333,0.0,0.0,0.48571428571428554,0.2857142857142857
Palolem Beach,Oct,2022.0,0.7155835080363384,0.6561679790026246,0.6020864381520119,0.07067109687431607,0.40035972421143795,0.22139830508474578,0.640796703296715,0.3636363636363637,0.3529411764705883,0.32352941176470595,0.4666666666666667,0.0,0.0,0.3714285714285712,0.4285714285714286
Palolem Beach,Nov,2022.0,0.8385744234800838,0.573490813648294,0.8107302533532041,0.012932492389725632,0.15371548479499048,0.207274011299435,0.6950549450549488,0.6363636363636362,0.23529411764705888,0.286764705882353,0.4,0.0,0.0,0.3142857142857143,0.5714285714285714
Palolem Beach,Dec,2022.0,0.7980433263452134,0.4993438320209972,0.809239940387481,0.008157418276596167,0.07684108849881759,0.2365819209039548,0.6744505494505546,0.6363636363636362,0.11764705882352944,0.25,0.33333333333333326,0.0,0.0,0.2571428571428569,0.2857142857142857
Palolem Beach,Jan,2023.0,0.7393431167016074,0.40288713910761154,0.7421758569299555,0.0,0.4619125337241448,0.45162429378531077,0.7987637362637372,0.7272727272727273,0.23529411764705888,0.32352941176470595,0.4,0.0,0.0,0.2857142857142858,0.4285714285714286
Palolem Beach,Feb,2023.0,0.8525506638714186,0.47637795275590544,0.9008941877794334,0.0,0.2769876428071812,0.4110169491525424,0.7424450549450512,0.6363636363636362,0.2941176470588236,0.3602941176470589,0.4666666666666667,0.0,0.0,0.22857142857142843,0.5714285714285714
Palolem Beach,Mar,2023.0,0.883997204751922,0.5531496062992124,0.906855439642325,0.0036608901533992555,0.6095326916031042,0.5346045197740112,0.6929945054945108,0.5454545454545454,0.41176470588235303,0.3970588235294118,0.5333333333333333,0.0,0.0,0.17142857142857126,0.7142857142857142
Palolem Beach,Apr,2023.0,0.9238294898672259,0.7782152230971126,0.8591654247391953,0.0007958456855215773,0.8709322852479765,0.4537429378531074,0.582417582417591,0.45454545454545453,0.47058823529411775,0.4338235294117648,0.6000000000000001,0.0,0.0,0.3714285714285712,0.857142857142857
Palolem Beach,May,2023.0,0.9776380153738646,0.8805774278215223,0.8591654247391953,0.009749109647639321,0.9569996336142289,0.5420197740112994,0.588598901098905,0.3636363636363637,0.5882352941176472,0.5073529411764707,0.7333333333333334,1.0,0.0,0.514285714285714,0.7142857142857142
Palolem Beach,Jun,2023.0,0.7959468902865128,0.7959317585301834,0.6535022354694489,0.5463480631105628,0.7521566798787596,0.47634180790960456,0.5130494505494596,0.09090909090909088,0.8823529411764708,0.5808823529411765,0.9333333333333333,1.0,1.0,0.6571428571428568,0.5714285714285714
Palolem Beach,Jul,2023.0,0.605171208944794,0.6961942257217845,0.386736214605067,1.0,0.8574093195217,0.6924435028248587,0.5487637362637372,0.0,0.7647058823529413,0.5441176470588236,0.8666666666666667,1.0,1.0,0.7428571428571427,0.4285714285714286
Palolem Beach,Aug,2023.0,0.7735849056603774,0.7368766404199473,0.6073025335320414,0.09492449414058614,0.9248909169636611,0.4170197740112994,0.6476648351648322,0.09090909090909088,0.5294117647058825,0.4338235294117648,0.6666666666666666,0.0,0.0,0.5999999999999999,0.2857142857142857
Palolem Beach,Sep,2023.0,0.7428371767994411,0.7211286089238845,0.6013412816691504,0.36728278386820795,0.8486160610198847,0.40960451977401136,0.5487637362637372,0.18181818181818182,0.47058823529411775,0.3970588235294118,0.6000000000000001,0.0,0.0,0.514285714285714,0.4285714285714286
Palolem Beach,Oct,2023.0,0.7267645003494061,0.7657480314960629,0.7406855439642324,0.0629712898668948,0.4267728075142391,0.3089689265536723,0.7218406593406712,0.3636363636363637,0.41176470588235303,0.3602941176470589,0.5333333333333333,0.0,0.0,0.3999999999999997,0.5714285714285714
Palolem Beach,Nov,2023.0,0.7253668763102725,0.7349081364829394,0.7697466467958267,0.09390979089154612,0.10775072444459248,0.3245056497175141,0.7101648351648464,0.6363636363636362,0.2941176470588236,0.32352941176470595,0.4666666666666667,0.0,0.0,0.34285714285714275,0.4285714285714286
Palolem Beach,Dec,2023.0,0.7051013277428373,0.7329396325459318,0.814456035767511,0.003979228427607887,0.1639742863804417,0.43185028248587565,0.7129120879120876,0.6363636363636362,0.17647058823529416,0.286764705882353,0.4,0.0,0.0,0.2857142857142858,0.2857142857142857
Puri Beach,Jan,2022.0,0.1684136967155836,0.15288713910761154,0.1572280178837555,0.016175563558226056,0.1445225327249109,0.1497175141242938,0.9381868131868174,0.8181818181818181,0.23529411764705888,0.32352941176470595,0.4,0.0,0.0,0.2857142857142858,0.4285714285714286
Puri Beach,Feb,2022.0,0.3801537386443046,0.33989501312335946,0.36959761549925485,0.010584747617436979,0.4227092562368851,0.20268361581920902,0.8186813186813282,0.7272727272727273,0.2941176470588236,0.3602941176470589,0.4666666666666667,0.0,0.0,0.19999999999999996,0.5714285714285714
Puri Beach,Mar,2022.0,0.6519916142557651,0.6515748031496061,0.6460506706408347,0.0005769881220031435,0.5682643306798121,0.3022598870056497,0.5810439560439704,0.5454545454545454,0.41176470588235303,0.3970588235294118,0.5333333333333333,0.0,0.0,0.1428571428571428,0.7142857142857142
Puri Beach,Apr,2022.0,0.7651991614255764,0.8923884514435695,0.6326378539493294,0.00019896142138039433,0.6220231156113645,0.5522598870056497,0.42719780219781,0.3636363636363637,0.47058823529411775,0.4338235294117648,0.6666666666666666,0.0,0.0,0.34285714285714275,0.857142857142857
Puri Beach,May,2022.0,0.8378756114605173,0.9166666666666664,0.7056631892697465,0.07787350032828634,0.5502781201079172,0.46786723163841804,0.1538461538461604,0.27272727272727276,0.5882352941176472,0.5073529411764707,0.7999999999999999,1.0,0.0,0.48571428571428554,0.7142857142857142
Puri Beach,Jun,2022.0,0.8511530398322851,0.9606299212598423,0.7056631892697465,0.07679910865283221,0.6157945575059122,0.4463276836158192,0.0954670329670364,0.09090909090909088,0.9411764705882355,0.5808823529411765,0.9333333333333333,1.0,1.0,0.6285714285714283,0.5714285714285714
Puri Beach,Jul,2022.0,0.782669461914745,0.8713910761154854,0.6117734724292103,0.31531406060364897,0.6124304699730206,0.24964689265536721,0.0,0.0,0.7647058823529413,0.5441176470588236,0.8666666666666667,1.0,1.0,0.7142857142857142,0.4285714285714286
Puri Beach,Aug,2022.0,0.7882599580712788,0.8950131233595798,0.6184798807749625,0.20325898808221082,0.616427405655664,0.2948446327683616,0.056318681318686004,0.09090909090909088,0.5294117647058825,0.4705882352941177,0.6666666666666666,0.0,0.0,0.5714285714285714,0.2857142857142857
Puri Beach,Sep,2022.0,0.7763801537386446,0.8615485564304458,0.6475409836065573,0.1771353534549651,0.4816973653532292,0.27259887005649713,0.278159340659343,0.18181818181818182,0.47058823529411775,0.3970588235294118,0.5333333333333333,0.0,0.0,0.48571428571428554,0.4285714285714286
Puri Beach,Oct,2022.0,0.6659678546471,0.6863517060367453,0.567064083457526,0.08581206104136407,0.1869566665556407,0.18467514124293782,0.618818681318686,0.3636363636363637,0.41176470588235303,0.3602941176470589,0.4666666666666667,0.0,0.0,0.4285714285714286,0.5714285714285714
Puri Beach,Nov,2022.0,0.45772187281621246,0.4133858267716536,0.4627421758569299,0.0,0.08433534290377377,0.15466101694915252,0.8234890109890216,0.6363636363636362,0.3529411764705883,0.32352941176470595,0.43333333333333335,0.0,0.0,0.34285714285714275,0.7142857142857142
Puri Beach,Dec,2022.0,0.32354996505939915,0.2880577427821521,0.3532041728763038,0.00031833827420863094,0.17073576924357992,0.16348870056497172,0.8701923076923066,0.6363636363636362,0.23529411764705888,0.286764705882353,0.4,0.0,0.0,0.2571428571428569,0.4285714285714286
Puri Beach,Jan,2023.0,0.3074772886093642,0.25984251968503924,0.35618479880774956,0.003342551879190625,0.2584018918828898,0.2330508474576271,0.9848901098901166,0.8181818181818181,0.2941176470588236,0.3602941176470589,0.4666666666666667,0.0,0.0,0.3142857142857143,0.5714285714285714
Puri Beach,Feb,2023.0,0.4919636617749825,0.4599737532808398,0.5342771982116243,0.0007759495433835379,0.5535422842487425,0.3594632768361582,0.8489010989011092,0.7272727272727273,0.3529411764705883,0.3970588235294118,0.5333333333333333,0.0,0.0,0.22857142857142843,0.7142857142857142
Puri Beach,Mar,2023.0,0.6345213137665968,0.6076115485564303,0.6318926974664678,0.05302321879787509,0.564933550944276,0.3626412429378531,0.7644230769230802,0.5454545454545454,0.47058823529411775,0.4338235294117648,0.6000000000000001,0.0,0.0,0.17142857142857126,0.857142857142857
Puri Beach,Apr,2023.0,0.8050314465408808,0.8116797900262466,0.8166915052160952,0.012534569546964842,0.6353462345535089,0.34463276836158196,0.524038461538467,0.3636363636363637,0.5294117647058825,0.4705882352941177,0.7333333333333334,0.0,0.0,0.3714285714285712,1.0
Puri Beach,May,2023.0,0.8553459119496858,0.9041994750656167,0.7690014903129656,0.0044368396967827935,0.5876161609432767,0.4837570621468926,0.3743131868131968,0.27272727272727276,0.6470588235294119,0.5441176470588236,0.8666666666666667,1.0,0.0,0.514285714285714,0.857142857142857
Puri Beach,Jun,2023.0,0.8965758211041233,0.9639107611548555,0.8226527570789863,0.1252860070432343,0.6111314658761616,0.4915254237288136,0.04807692307693401,0.09090909090909088,1.0000000000000002,0.6176470588235294,1.0,1.0,1.0,0.6857142857142857,0.7142857142857142
Puri Beach,Jul,2023.0,0.809224318658281,0.9212598425196848,0.6356184798807751,0.16680925568532262,0.5586050694467575,0.3937146892655367,0.015109890109897606,0.0,0.8235294117647061,0.5808823529411765,0.9333333333333333,1.0,1.0,0.7428571428571427,0.5714285714285714
Puri Beach,Aug,2023.0,0.8057302585604473,0.887795275590551,0.6766020864381517,0.20473130260042574,0.7299736868400892,0.40960451977401136,0.171016483516496,0.09090909090909088,0.5882352941176472,0.5073529411764707,0.7333333333333334,0.0,0.0,0.6285714285714283,0.4285714285714286
Puri Beach,Sep,2023.0,0.7728860936408108,0.854330708661417,0.6385991058122205,0.1771353534549651,0.6383439363154914,0.341454802259887,0.1902472527472554,0.18181818181818182,0.5294117647058825,0.4705882352941177,0.6666666666666666,0.0,0.0,0.5428571428571429,0.5714285714285714
Puri Beach,Oct,2023.0,0.7141858839972048,0.7178477690288713,0.665424739195231,0.04974035534509858,0.5015488125770242,0.2535310734463277,0.644917582417591,0.3636363636363637,0.47058823529411775,0.3970588235294118,0.6000000000000001,0.0,0.0,0.4571428571428571,0.7142857142857142
Puri Beach,Nov,2023.0,0.5373864430468205,0.517060367454068,0.5216095380029806,0.012076958277789936,0.12030776404756353,0.240819209039548,0.9017857142857224,0.6363636363636362,0.41176470588235303,0.3602941176470589,0.5333333333333333,0.0,0.0,0.3714285714285712,0.5714285714285714
Puri Beach,Dec,2023.0,0.24039133473095742,0.2230971128608924,0.2533532041728761,0.007063130459003998,0.030210172201312335,0.2221045197740113,0.9993131868131968,0.6363636363636362,0.2941176470588236,0.32352941176470595,0.4666666666666667,0.0,0.0,0.3142857142857143,0.4285714285714286
Tarkarli Beach,Jan,2022.0,0.46191474493361295,0.45013123359580043,0.45380029806259303,0.00031833827420863094,0.7460946607600838,0.3227401129943503,0.7898351648351678,0.6363636363636362,0.17647058823529416,0.25,0.33333333333333326,0.0,0.0,0.19999999999999996,0.4285714285714286
Tarkarli Beach,Feb,2022.0,0.5338923829489866,0.5387139107611548,0.5678092399403876,0.0,0.9716883722479431,0.3771186440677966,0.6888736263736348,0.5454545454545454,0.23529411764705888,0.32352941176470595,0.4,0.0,0.0,0.1428571428571428,0.5714285714285714
Tarkarli Beach,Mar,2022.0,0.6827393431167017,0.732283464566929,0.5916542473919519,0.00417818984898828,0.7066582286913367,0.2673022598870056,0.5721153846153868,0.45454545454545453,0.3529411764705883,0.3970588235294118,0.4666666666666667,0.0,0.0,0.05714285714285694,0.7142857142857142
Tarkarli Beach,Apr,2022.0,0.7253668763102725,0.8759842519685038,0.46199701937406834,0.0031833827420863093,0.8754954534856609,0.29696327683615814,0.526098901098905,0.3636363636363637,0.41176470588235303,0.4705882352941177,0.5333333333333333,0.0,0.0,0.0,0.857142857142857
Tarkarli Beach,May,2022.0,0.7428371767994411,0.92257217847769,0.4783904619970194,0.06249378245558186,0.9182626652899443,0.471045197740113,0.3825549450549488,0.27272727272727276,0.5294117647058825,0.5441176470588236,0.6666666666666666,1.0,0.0,0.2571428571428569,0.7142857142857142
Tarkarli Beach,Jun,2022.0,0.5737246680642907,0.7808398950131233,0.28837555886736244,0.45966057181512504,0.6877393997934916,0.32627118644067793,0.399038461538467,0.18181818181818182,0.8823529411764708,0.6176470588235294,0.8666666666666667,1.0,1.0,0.48571428571428554,0.4285714285714286
Tarkarli Beach,Jul,2022.0,0.5066387141858841,0.7263779527559054,0.22205663189269753,0.6178746940968146,0.8582753222529393,0.4844632768361582,0.4306318681318686,0.09090909090909088,0.7058823529411766,0.5808823529411765,0.7999999999999999,1.0,1.0,0.6285714285714283,0.2857142857142857
Tarkarli Beach,Aug,2022.0,0.5310971348707199,0.7506561679790026,0.21982116244411332,0.32456576669783727,0.857509242913766,0.5836864406779662,0.4244505494505546,0.18181818181818182,0.47058823529411775,0.5073529411764707,0.6000000000000001,0.0,0.0,0.4285714285714286,0.1428571428571428
Tarkarli Beach,Sep,2022.0,0.5206149545772187,0.7001312335958004,0.28688524590163933,0.2857086011022462,0.8173067315058454,0.36793785310734467,0.5254120879120876,0.27272727272727276,0.3529411764705883,0.4338235294117648,0.4666666666666667,0.0,0.0,0.3714285714285712,0.2857142857142857
Tarkarli Beach,Oct,2022.0,0.541579315164221,0.6614173228346457,0.42622950819672134,0.07283977636736236,0.44665756253538963,0.23375706214689262,0.6483516483516496,0.45454545454545453,0.2941176470588236,0.3970588235294118,0.4,0.0,0.0,0.2857142857142858,0.4285714285714286
Tarkarli Beach,Nov,2022.0,0.6135569531795946,0.6515748031496061,0.6005961251862892,0.003123694315672191,0.2848482829830463,0.2542372881355932,0.7060439560439562,0.6363636363636362,0.41176470588235303,0.3602941176470589,0.43333333333333335,0.0,0.0,0.19999999999999996,0.5714285714285714
Tarkarli Beach,Dec,2022.0,0.6030747728860937,0.6141732283464566,0.6162444113263787,0.014822625892839378,0.3821736668554109,0.283545197740113,0.6875,0.6363636363636362,0.23529411764705888,0.32352941176470595,0.3666666666666667,0.0,0.0,0.1428571428571428,0.4285714285714286
Tarkarli Beach,Jan,2023.0,0.5108315863032844,0.5104986876640419,0.5581222056631892,0.0,0.6243546614262399,0.545550847457627,0.8166208791208902,0.6363636363636362,0.2941176470588236,0.286764705882353,0.4,0.0,0.0,0.2571428571428569,0.5714285714285714
Tarkarli Beach,Feb,2023.0,0.6575821104122992,0.5853018372703412,0.7757078986587178,0.0,0.6696532658295307,0.49894067796610175,0.7486263736263794,0.5454545454545454,0.3529411764705883,0.3602941176470589,0.4666666666666667,0.0,0.0,0.19999999999999996,0.7142857142857142
Tarkarli Beach,Mar,2023.0,0.6918238993710693,0.6765091863517058,0.7421758569299555,5.96884264141183e-05,0.6776471371948173,0.5981638418079096,0.7026098901098976,0.45454545454545453,0.41176470588235303,0.4338235294117648,0.5333333333333333,0.0,0.0,0.1142857142857141,0.857142857142857
Tarkarli Beach,Apr,2023.0,0.7519217330538086,0.7808398950131233,0.7220566318926971,0.0,0.9214602138360591,0.5554378531073446,0.5796703296703356,0.3636363636363637,0.47058823529411775,0.4705882352941177,0.6000000000000001,0.0,0.0,0.05714285714285694,1.0
Tarkarli Beach,May,2023.0,0.8183088749126486,0.9009186351706034,0.7488822652757077,0.0018702373609757066,0.9571328648036505,0.6521892655367232,0.584478021978029,0.27272727272727276,0.5882352941176472,0.5808823529411765,0.7333333333333334,1.0,0.0,0.34285714285714275,0.7142857142857142
Tarkarli Beach,Jun,2023.0,0.6827393431167017,0.8333333333333331,0.509687034277198,0.30347585603151545,0.7163841055191019,0.6126412429378532,0.4869505494505546,0.18181818181818182,0.9411764705882355,0.6176470588235294,0.9333333333333333,1.0,1.0,0.5428571428571429,0.5714285714285714
Tarkarli Beach,Jul,2023.0,0.49475890985324944,0.7191601049868764,0.21385991058122222,0.8758082807743578,0.8068147753389068,0.8379237288135594,0.5123626373626422,0.09090909090909088,0.7647058823529413,0.5441176470588236,0.8666666666666667,1.0,1.0,0.6857142857142857,0.4285714285714286
Tarkarli Beach,Aug,2023.0,0.5513626834381551,0.7099737532808398,0.3442622950819674,0.11257237221702712,0.8619391799620291,0.5278954802259886,0.6304945054945108,0.18181818181818182,0.5294117647058825,0.5073529411764707,0.6666666666666666,0.0,0.0,0.48571428571428554,0.2857142857142857
Tarkarli Beach,Sep,2023.0,0.5436757512229211,0.7165354330708661,0.3450074515648285,0.1783291219832474,0.7585850847683442,0.48587570621468934,0.5185439560439562,0.27272727272727276,0.41176470588235303,0.4338235294117648,0.5333333333333333,0.0,0.0,0.4285714285714286,0.4285714285714286
Tarkarli Beach,Oct,2023.0,0.6303284416491965,0.7073490813648292,0.5692995529061102,0.0443485008256899,0.5453818738966791,0.3566384180790961,0.715659340659343,0.45454545454545453,0.3529411764705883,0.3602941176470589,0.43333333333333335,0.0,0.0,0.3142857142857143,0.5714285714285714
Tarkarli Beach,Nov,2023.0,0.6526904262753321,0.6876640419947505,0.6423248882265273,0.025407373510276353,0.45625020817373346,0.3958333333333333,0.7218406593406712,0.6363636363636362,0.47058823529411775,0.32352941176470595,0.4666666666666667,0.0,0.0,0.2571428571428569,0.7142857142857142
Tarkarli Beach,Dec,2023.0,0.6331236897274635,0.624015748031496,0.7056631892697465,0.0,0.3529627285747593,0.4548022598870056,0.7335164835164818,0.6363636363636362,0.2941176470588236,0.286764705882353,0.4,0.0,0.0,0.19999999999999996,0.4285714285714286
