Beach Name,Month,Year,tavg,tmin,tmax,prcp,wdir,wspd,pres,Footfall,Wave Height (m),Ocean Currents (m/s),Swell Height (m),Storm Surge,Tsunami Alerts,Humidity (%),UV Index,Risk Score,Risk
Palolem Beach,Oct,2022,0.715583508,0.656167979,0.602086438,0.070671097,0.400359724,0.221398305,0.640796703,0.363636364,0.352941176,0.323529412,0.466666667,0,0,0.371428571,0.428571429,0.144289703,High
Alleppey Beach,Dec,2022,0.535290007,0.586614173,0.576005961,0.066691868,0.366185924,0.078036723,0.643543956,0.909090909,0.411764706,0.838235294,0.933333333,0,0,0.542857143,0.428571429,0.2856605,Low
Dhanushkodi Beach,Dec,2022,0.62962963,0.619422572,0.488822653,0.094725533,0.214668754,0.56920904,0.656593407,0.727272727,0.294117647,0.286764706,0.266666667,0,0,0.542857143,0.285714286,0.184399641,Low
Agonda Beach,Jul,2023,0.605171209,0.696194226,0.386736215,1,0.85740932,0.692443503,0.548763736,0.090909091,0.347058824,0.117647059,0.913333333,0,1,0.390857143,0.63,0.456109082,High
Alleppey Beach,Sep,2023,0.509433962,0.666666667,0.470938897,0.383060425,0.874929221,0.337570621,0.664835165,0.272727273,0.352941176,0.360294118,0.166666667,1,0,0.142857143,0.428571429,0.402383271,Medium
Candolim Beach,Feb,2023,0.662473795,0.581364829,0.789120715,0,0.55723945,0.411370056,0.742445055,0.454545455,0.294117647,0.323529412,0.4,0,0,0.285714286,0.285714286,0.147874123,Low
Gokarna Beach,Jun,2022,0.57791754,0.677165354,0.535022355,0.528043612,0.656896379,0.27259887,0.379120879,0.090909091,0.647058824,0.544117647,0.666666667,1,1,0.628571429,0.428571429,0.759604758,High
Agonda Beach,Sep,2023,0.742837177,0.721128609,0.601341282,0.367282784,0.848616061,0.40960452,0.548763736,0.181818182,0.305882353,0.338235294,0.133333333,1,0,0.132,0.404285714,0.380925441,Medium
Gokarna Beach,Feb,2022,0.506638714,0.453412073,0.599105812,0,0.357159511,0.240112994,0.626373626,0.636363636,0.235294118,0.323529412,0.4,0,0,0.342857143,0.428571429,0.170837868,Low
Mandarmani Beach,Jun,2022,0.786862334,0.93832021,0.619970194,0.108175325,0.578156746,0.50529661,0.065934066,0.090909091,0.411764706,0.544117647,0.533333333,0,0,0.628571429,0.571428571,0.127488259,Low
Candolim Beach,Apr,2022,0.797344514,0.777559055,0.74366617,0.036270667,0.900143224,0.195621469,0.524038462,0.181818182,0.352941176,0.360294118,0.4,0,0,0.342857143,0.714285714,0.118262992,Low
Agonda Beach,Apr,2022,1,0.843175853,0.915052161,0.016852032,0.856843087,0.235875706,0.535027473,0.272727273,0.564705882,0.470588235,0.74,1,0,0.552285714,0.401428571,0.450031732,Medium
Dhanushkodi Beach,Dec,2023,0.62962963,0.709317585,0.44485842,0.190227015,0.141924525,0.719279661,0.734203297,0.727272727,0.352941176,0.323529412,0.333333333,0,0,0.4,0.285714286,0.196658105,Low
Diu Beach,May,2022,0.768693222,0.922572178,0.686289121,0,0.8000866,0.751412429,0.291208791,0.272727273,0.411764706,0.470588235,0.533333333,1,0,0.342857143,0.571428571,0.429028075,Medium
Dhanushkodi Beach,Mar,2023,0.755415793,0.698818898,0.661698957,0.024969658,0.25647004,0.478813559,0.710164835,0.363636364,0.411764706,0.360294118,0.466666667,0,0,0.314285714,0.571428571,0.154321033,Low
Diu Beach,Mar,2022,0.700209644,0.69816273,0.777198212,0,0.824867602,0.427612994,0.631181319,0.454545455,0.235294118,0.323529412,0.333333333,0,0,0.2,0.714285714,0.144618004,Low
Gokarna Beach,Dec,2023,0.706498952,0.667979003,0.794336811,0.008734406,0.215867835,0.384533898,0.641483516,0.636363636,0.352941176,0.323529412,0.4,0,0,0.371428571,0.428571429,0.182028357,Low
Kovalam Beach,Aug,2023,0.730957372,0.769028871,0.583457526,0.027078649,0.93391733,0.390536723,0.639423077,0.090909091,0.529411765,0.507352941,0.666666667,1,0,0.771428571,0.285714286,0.420710908,Medium
Dhanushkodi Beach,Nov,2022,0.623340321,0.616141732,0.492548435,0.168122401,0.250408021,0.420550847,0.674450549,0.727272727,0.352941176,0.397058824,0.333333333,0,0,0.485714286,0.428571429,0.201128448,Low
Puri Beach,Dec,2022,0.323549965,0.288057743,0.353204173,0.000318338,0.170735769,0.163488701,0.870192308,0.636363636,0.235294118,0.286764706,0.4,0,0,0.257142857,0.428571429,0.168949169,Low
Marina Beach,Jun,2023,0.910552061,0.916010499,1,0.041781898,0.681211072,0.43079096,0.289148352,0.090909091,0.823529412,0.838235294,1,1,1,0.628571429,0.428571429,0.7996497,High
Diu Beach,Dec,2022,0.510831586,0.454068241,0.563338301,0.000378027,0.194251074,0.325564972,0.826236264,0.636363636,0.235294118,0.286764706,0.333333333,0,0,0.257142857,0.428571429,0.16660999,Low
Candolim Beach,Jul,2023,0.538784067,0.73687664,0.326378539,0.82614751,0.833993938,0.729166667,0.514423077,0.181818182,0.647058824,0.470588235,0.6,1,1,0.657142857,0.428571429,0.77551546,High
Tarkarli Beach,Jun,2023,0.682739343,0.833333333,0.509687034,0.303475856,0.716384106,0.612641243,0.486950549,0.181818182,0.941176471,0.617647059,0.933333333,1,1,0.542857143,0.571428571,0.814752157,High
Candolim Beach,Oct,2023,0.673654787,0.767716535,0.623695976,0.039016335,0.511541152,0.318149718,0.712225275,0.181818182,0.235294118,0.323529412,0.266666667,0,0,0.4,0.285714286,0.096416926,Low
Mandarmani Beach,Jun,2023,0.865828092,1,0.721311475,0.109369093,0.546314492,0.695268362,0.037087912,0.090909091,0.529411765,0.691176471,0.666666667,1,0,0.628571429,0.571428571,0.433613275,Medium
Mandarmani Beach,Sep,2022,0.677847659,0.833989501,0.506706408,0.198105887,0.478799587,0.285310734,0.296703297,0.363636364,0.352941176,0.470588235,0.533333333,0,0,0.485714286,0.285714286,0.155467086,Low
Baga Beach,Feb,2023,0.662473795,0.581364829,0.789120715,0,0.55723945,0.411370056,0.742445055,0.545454545,0.294117647,0.323529412,0.4,0,0,0.285714286,0.285714286,0.161510487,Low
Candolim Beach,May,2022,0.791754018,0.837270341,0.683308495,0.045562165,0.906671552,0.352048023,0.379807692,0.363636364,0.470588235,0.433823529,0.433333333,0,0,0.428571429,0.714285714,0.161940379,Low
Dhanushkodi Beach,Aug,2023,0.809224319,0.733595801,0.725782414,0.001790653,0.561935849,0.678319209,0.534340659,0.272727273,0.411764706,0.433823529,0.466666667,0,0,0.571428571,0.285714286,0.142995777,Low
Candolim Beach,Mar,2023,0.715583508,0.680446194,0.779433681,5.97E-05,0.687339706,0.535310734,0.694368132,0.272727273,0.352941176,0.397058824,0.466666667,0,0,0.342857143,0.571428571,0.138383936,Low
Dhanushkodi Beach,Nov,2023,0.669461915,0.624671916,0.543219076,0.257316806,0.146620924,0.476341808,0.715659341,0.727272727,0.411764706,0.323529412,0.4,0,0,0.342857143,0.428571429,0.205792899,Low
Palolem Beach,Jul,2022,0.656883298,0.719160105,0.467958271,0.788145879,0.897911601,0.462923729,0.461538462,0,0.705882353,0.507352941,0.8,1,1,0.714285714,0.285714286,0.76071584,High
Dhanushkodi Beach,Feb,2023,0.596785465,0.513779528,0.497764531,0.032470504,0.076075009,0.599223164,0.787087912,0.454545455,0.294117647,0.323529412,0.4,0,0,0.371428571,0.428571429,0.152871821,Low
Tarkarli Beach,Mar,2022,0.682739343,0.732283465,0.591654247,0.00417819,0.706658229,0.26730226,0.572115385,0.454545455,0.352941176,0.397058824,0.466666667,0,0,0.057142857,0.714285714,0.161978768,Low
Dhanushkodi Beach,Oct,2023,0.716981132,0.747375328,0.663934426,0.04198086,0.477600506,0.508121469,0.716346154,0.545454545,0.294117647,0.360294118,0.333333333,0,0,0.428571429,0.285714286,0.162952526,Low
Kovalam Beach,Aug,2022,0.589797345,0.670603675,0.468703428,0.161158751,0.934350331,0.364053672,0.503434066,0.090909091,0.470588235,0.507352941,0.6,1,0,0.771428571,0.142857143,0.41168831,Medium
Puri Beach,Nov,2023,0.537386443,0.517060367,0.521609538,0.012076958,0.120307764,0.240819209,0.901785714,0.636363636,0.411764706,0.360294118,0.533333333,0,0,0.371428571,0.571428571,0.198616842,Low
Alleppey Beach,Jun,2023,0.565338924,0.709973753,0.448584203,0.283261376,0.964527196,0.389830508,0.605769231,0,0.147058824,0.029411765,0.666666667,1,1,0.342857143,0.571428571,0.672268263,High
Diu Beach,Dec,2023,0.468204053,0.484251969,0.467958271,0.000457611,0.121306998,0.478460452,0.89010989,0.636363636,0.235294118,0.286764706,0.266666667,0,0,0.342857143,0.428571429,0.165621189,Low
Diu Beach,Feb,2022,0.401118099,0.314304462,0.47466468,0,0.750890984,0.387711864,0.793269231,0.545454545,0.176470588,0.25,0.266666667,0,0,0.257142857,0.571428571,0.144946821,Low
Agonda Beach,Jul,2022,0.656883298,0.719160105,0.467958271,0.788145879,0.897911601,0.462923729,0.461538462,0.090909091,0.182352941,0.602941176,0.093333333,0,0,0.365142857,0.387142857,0.100901811,Low
Diu Beach,Sep,2023,0.754716981,0.855643045,0.843517139,0.044627047,0.818106119,0.654661017,0.396978022,0.272727273,0.294117647,0.397058824,0.4,0,0,0.428571429,0.285714286,0.126283343,Low
Agonda Beach,Jun,2023,0.79594689,0.795931759,0.653502235,0.546348063,0.75215668,0.476341808,0.513049451,0.090909091,0.182352941,0,0.66,1,1,0.455142857,0.59,0.693098931,High
Agonda Beach,Sep,2022,0.687631027,0.68832021,0.523845007,0.207914685,0.786563635,0.331920904,0.54739011,0.181818182,0.647058824,0.669117647,0.006666667,0,1,0.251428571,0.232857143,0.456701759,Medium
Mandarmani Beach,Nov,2022,0.35290007,0.327427822,0.401639344,0,0.531659061,0.162782486,0.8125,0.727272727,0.117647059,0.323529412,0.333333333,0,0,0.2,0.571428571,0.17319365,Low
Dhanushkodi Beach,Aug,2022,0.765897973,0.864829396,0.666915052,0.032729154,0.624587816,0.578742938,0.376373626,0.272727273,0.352941176,0.397058824,0.4,0,0,0.628571429,0.285714286,0.131890302,Low
Tarkarli Beach,Jul,2023,0.49475891,0.719160105,0.213859911,0.875808281,0.806814775,0.837923729,0.512362637,0.090909091,0.764705882,0.544117647,0.866666667,1,1,0.685714286,0.428571429,0.790897525,High
Tarkarli Beach,Feb,2022,0.533892383,0.538713911,0.56780924,0,0.971688372,0.377118644,0.688873626,0.545454545,0.235294118,0.323529412,0.4,0,0,0.142857143,0.571428571,0.158772105,Low
Candolim Beach,Jun,2022,0.619846261,0.708661417,0.502235469,0.597282187,0.766345802,0.225282486,0.396291209,0,0.823529412,0.507352941,0.666666667,1,0,0.542857143,0.857142857,0.444540481,Medium
Diu Beach,Oct,2022,0.714185884,0.791338583,0.685543964,0.000119377,0.49705226,0.354872881,0.671016484,0.454545455,0.294117647,0.323529412,0.333333333,0,0,0.314285714,0.428571429,0.145901144,Low
Diu Beach,Jun,2023,0.787561146,0.935695538,0.623695976,0.188416466,0.695200346,1,0.256868132,0.181818182,0.647058824,0.544117647,0.733333333,1,1,0.485714286,0.428571429,0.772895427,High
Gokarna Beach,Mar,2022,0.667365479,0.637795276,0.681073025,0.005272478,0.497585185,0.214689266,0.509615385,0.545454545,0.352941176,0.397058824,0.466666667,0,0,0.257142857,0.571428571,0.174714194,Low
Alleppey Beach,Jun,2022,0.547868623,0.700787402,0.519374069,0.231332445,0.899477068,0.129237288,0.53228022,0,0.352941176,0.176470588,0.066666667,0,1,0.057142857,0.428571429,0.379234456,Medium
Tarkarli Beach,Jul,2022,0.506638714,0.726377953,0.222056632,0.617874694,0.858275322,0.484463277,0.430631868,0.090909091,0.705882353,0.580882353,0.8,1,1,0.628571429,0.285714286,0.774329295,High
Palolem Beach,Feb,2022,0.710691824,0.475721785,0.757078987,0,0.716883722,0.276483051,0.677197802,0.636363636,0.235294118,0.323529412,0.4,0,0,0.2,0.428571429,0.170228454,Low
Palolem Beach,Jul,2023,0.605171209,0.696194226,0.386736215,1,0.85740932,0.692443503,0.548763736,0,0.764705882,0.544117647,0.866666667,1,1,0.742857143,0.428571429,0.779637956,High
Baga Beach,Aug,2022,0.583508036,0.711942257,0.431445604,0.184258172,0.866668887,0.427259887,0.418956044,0.090909091,0.352941176,0.360294118,0.333333333,0,0,0.571428571,0.571428571,0.104716504,Low
Diu Beach,Sep,2022,0.666666667,0.814304462,0.576005961,0.187481347,0.832961396,0.417372881,0.415521978,0.272727273,0.235294118,0.360294118,0.4,0,0,0.428571429,0.285714286,0.120305634,Low
Kovalam Beach,May,2023,0.86862334,0.830708661,0.737704918,0.078430592,0.920061286,0.211511299,0.582417582,0.272727273,0.588235294,0.544117647,0.733333333,1,0,0.771428571,0.428571429,0.459792303,Medium
Gokarna Beach,Oct,2023,0.65059399,0.738188976,0.56557377,0.083504109,0.498984112,0.311087571,0.706043956,0.363636364,0.294117647,0.323529412,0.4,0,0,0.314285714,0.428571429,0.137036176,Low
Mandarmani Beach,Feb,2023,0.343815514,0.332020997,0.350968703,0.000855534,0.63088299,0.385240113,0.836538462,0.454545455,0.117647059,0.397058824,0.333333333,1,0,0.342857143,0.571428571,0.419839991,Medium
Candolim Beach,Dec,2023,0.670859539,0.653543307,0.739195231,0,0.259600973,0.357344633,0.723214286,0.818181818,0.117647059,0.25,0.2,0,0,0.228571429,0,0.168451074,Low
Marina Beach,Sep,2022,0.721174004,0.775590551,0.713114754,0.098883826,0.641907871,0.185028249,0.399038462,0.181818182,0.470588235,0.544117647,0.733333333,0,0,0.485714286,0.428571429,0.152598639,Low
Kovalam Beach,Jun,2022,0.684835779,0.715879265,0.55514158,0.121107817,0.954668088,0.309675141,0.491071429,0.090909091,0.705882353,0.617647059,0.8,1,1,0.914285714,0.428571429,0.771689691,High
Agonda Beach,Jun,2022,0.732354997,0.751312336,0.575260805,0.63269732,0.744695733,0.266949153,0.429945055,0.090909091,0.464705882,0.191176471,0.04,0,1,0.094857143,0.467142857,0.410143851,Medium
Kovalam Beach,May,2022,0.672257163,0.738845144,0.590909091,0.329559698,0.945208673,0.242584746,0.453983516,0.272727273,0.529411765,0.544117647,0.666666667,1,0,0.771428571,0.571428571,0.457710643,Medium
Palolem Beach,Nov,2022,0.838574423,0.573490814,0.810730253,0.012932492,0.153715485,0.207274011,0.695054945,0.636363636,0.235294118,0.286764706,0.4,0,0,0.314285714,0.571428571,0.171266048,Low
Diu Beach,Aug,2022,0.630328442,0.826771654,0.482861401,0.110383797,0.777470606,0.717867232,0.168269231,0.181818182,0.352941176,0.397058824,0.466666667,0,0,0.542857143,0.142857143,0.119187691,Low
Dhanushkodi Beach,Jul,2023,0.84416492,0.797244094,0.7585693,0.005391855,0.627152516,0.742937853,0.468406593,0.181818182,0.705882353,0.507352941,0.666666667,1,1,0.628571429,0.428571429,0.770040943,High
Gokarna Beach,Apr,2022,0.756813417,0.748031496,0.744411326,0.026521557,0.749358825,0.208333333,0.476648352,0.454545455,0.294117647,0.360294118,0.433333333,0,0,0.2,0.714285714,0.15422967,Low
Tarkarli Beach,Nov,2022,0.613556953,0.651574803,0.600596125,0.003123694,0.284848283,0.254237288,0.706043956,0.636363636,0.411764706,0.360294118,0.433333333,0,0,0.2,0.571428571,0.190339423,Low
Tarkarli Beach,Sep,2023,0.543675751,0.716535433,0.345007452,0.178329122,0.758585085,0.485875706,0.518543956,0.272727273,0.411764706,0.433823529,0.533333333,0,0,0.428571429,0.428571429,0.148543374,Low
Diu Beach,Apr,2022,0.733053809,0.819553806,0.68852459,0,0.831862239,0.51200565,0.504120879,0.363636364,0.294117647,0.397058824,0.4,0,0,0.142857143,0.857142857,0.144489641,Low
Candolim Beach,Jan,2023,0.531795947,0.49343832,0.618479881,0,0.504679746,0.451624294,0.807005495,0.727272727,0.235294118,0.286764706,0.333333333,0,0,0.228571429,0.142857143,0.176451453,Low
Puri Beach,Aug,2022,0.788259958,0.895013123,0.618479881,0.203258988,0.616427406,0.294844633,0.056318681,0.090909091,0.529411765,0.470588235,0.666666667,0,0,0.571428571,0.285714286,0.134552795,Low
Candolim Beach,Aug,2022,0.583508036,0.711942257,0.431445604,0.184258172,0.866668887,0.427259887,0.418956044,0.090909091,0.352941176,0.360294118,0.333333333,0,0,0.571428571,0.571428571,0.104716504,Low
Tarkarli Beach,Feb,2023,0.65758211,0.585301837,0.775707899,0,0.669653266,0.498940678,0.748626374,0.545454545,0.352941176,0.360294118,0.466666667,0,0,0.2,0.714285714,0.177976046,Low
Alleppey Beach,Dec,2023,0.604472397,0.681102362,0.629657228,0.071825073,0.293341771,0.248587571,0.679258242,0.909090909,0.529411765,0.176470588,0.233333333,1,1,0.6,0.5,0.823639992,High
Gokarna Beach,Aug,2022,0.506638714,0.675853018,0.356184799,0.473727144,0.857942244,0.411723164,0.402472527,0.090909091,0.352941176,0.397058824,0.466666667,0,0,0.571428571,0.142857143,0.112344506,Low
Agonda Beach,May,2022,0.946191474,0.887139108,0.837555887,0.086588011,0.928721314,0.442443503,0.393543956,0.272727273,0.152941176,0.448529412,0.453333333,0,0,0.197142857,0.297142857,0.117879572,Low
Kovalam Beach,Nov,2022,0.645003494,0.643044619,0.534277198,0.123555043,0.739366486,0.100282486,0.650412088,0.636363636,0.235294118,0.360294118,0.4,0,0,0.342857143,0.571428571,0.176682819,Low
Tarkarli Beach,Apr,2023,0.751921733,0.780839895,0.722056632,0,0.921460214,0.555437853,0.57967033,0.363636364,0.470588235,0.470588235,0.6,0,0,0.057142857,1,0.17524672,Low
Gokarna Beach,Oct,2022,0.580712788,0.604986877,0.558122206,0.074511052,0.435366219,0.19950565,0.578296703,0.363636364,0.235294118,0.323529412,0.366666667,0,0,0.371428571,0.428571429,0.129253685,Low
Tarkarli Beach,Apr,2022,0.725366876,0.875984252,0.461997019,0.003183383,0.875495453,0.296963277,0.526098901,0.363636364,0.411764706,0.470588235,0.533333333,0,0,0,0.857142857,0.16205575,Low
Dhanushkodi Beach,Mar,2022,0.752620545,0.858923885,0.683308495,0.00443684,0.251740332,0.466101695,0.574862637,0.363636364,0.352941176,0.323529412,0.4,0,0,0.342857143,0.571428571,0.142821735,Low
Alleppey Beach,Mar,2023,0.677148847,0.658792651,0.816691505,0.035295756,0.569463411,0.270480226,0.68543956,0.272727273,0.176470588,0.691176471,0.333333333,1,1,0.114285714,0.428571429,0.72959961,High
Agonda Beach,Oct,2023,0.7267645,0.765748031,0.740685544,0.06297129,0.426772808,0.308968927,0.721840659,0.363636364,0.611764706,0.919117647,0.066666667,0,1,0.256571429,0.282857143,0.498650242,Medium
Puri Beach,Sep,2023,0.772886094,0.854330709,0.638599106,0.177135353,0.638343936,0.341454802,0.190247253,0.181818182,0.529411765,0.470588235,0.666666667,0,0,0.542857143,0.571428571,0.153110628,Low
Kovalam Beach,Jul,2022,0.610062893,0.663385827,0.492548435,0.094148545,0.955600706,0.383474576,0.503434066,0,0.647058824,0.580882353,0.733333333,1,1,1,0.285714286,0.746563193,High
Palolem Beach,Jan,2023,0.739343117,0.402887139,0.742175857,0,0.461912534,0.451624294,0.798763736,0.727272727,0.235294118,0.323529412,0.4,0,0,0.285714286,0.428571429,0.186905573,Low
Kovalam Beach,Feb,2022,0.70580014,0.641732283,0.609538003,0.153200294,0.802751224,0.117584746,0.620192308,0.727272727,0.235294118,0.397058824,0.4,0,0,0.485714286,0.428571429,0.192328657,Low
Candolim Beach,Sep,2023,0.58490566,0.760498688,0.481371088,0.233978632,0.83729141,0.430437853,0.520604396,0.454545455,0.294117647,0.360294118,0.3,0,0,0.514285714,0.428571429,0.152005171,Low
Tarkarli Beach,Jan,2023,0.510831586,0.510498688,0.558122206,0,0.624354661,0.545550847,0.816620879,0.636363636,0.294117647,0.286764706,0.4,0,0,0.257142857,0.571428571,0.178242642,Low
Marina Beach,Jan,2022,0.475890985,0.545275591,0.411326379,0.024452359,0.153548946,0.199858757,0.821428571,0.909090909,0.294117647,0.397058824,0.533333333,0,0,0.2,0.571428571,0.229801034,Low
Alleppey Beach,Nov,2022,0.49825297,0.589895013,0.55290611,0.109826705,0.227991873,0.074858757,0.688873626,0.727272727,0.470588235,0.617647059,0.333333333,0,1,0.485714286,0.142857143,0.536138072,Medium
Mandarmani Beach,Apr,2023,0.765199161,0.765091864,0.788375559,0.025268101,0.649235586,0.417725989,0.483516484,0.272727273,0.235294118,0.544117647,0.466666667,1,0,0.342857143,0.714285714,0.417916553,Medium
Puri Beach,Jul,2022,0.782669462,0.871391076,0.611773472,0.315314061,0.61243047,0.249646893,0,0,0.764705882,0.544117647,0.866666667,1,1,0.714285714,0.428571429,0.75907856,High
Mandarmani Beach,Oct,2023,0.617749825,0.673228346,0.54247392,0.113786037,0.522832495,0.376059322,0.617445055,0.545454545,0.294117647,0.470588235,0.533333333,1,0,0.342857143,0.428571429,0.460383082,Medium
Agonda Beach,Nov,2022,0.838574423,0.573490814,0.810730253,0.012932492,0.153715485,0.207274011,0.695054945,0.818181818,0.617647059,0.632352941,0.326666667,0,1,0.532285714,0.175714286,0.562439924,Medium
Palolem Beach,Sep,2022,0.687631027,0.68832021,0.523845007,0.207914685,0.786563635,0.331920904,0.54739011,0.181818182,0.411764706,0.360294118,0.533333333,0,0,0.485714286,0.285714286,0.128817866,Low
Gokarna Beach,Jul,2023,0.509433962,0.679790026,0.289120715,0.981138457,0.799920061,0.618644068,0.554258242,0,0.588235294,0.507352941,0.6,1,1,0.628571429,0.285714286,0.745766754,High
Tarkarli Beach,Nov,2023,0.652690426,0.687664042,0.642324888,0.025407374,0.456250208,0.395833333,0.721840659,0.636363636,0.470588235,0.323529412,0.466666667,0,0,0.257142857,0.714285714,0.19880304,Low
Gokarna Beach,Nov,2022,0.622641509,0.587926509,0.735469449,0.030978293,0.20610865,0.195974576,0.625686813,0.636363636,0.352941176,0.397058824,0.433333333,0,0,0.257142857,0.571428571,0.188024266,Low
Tarkarli Beach,Aug,2023,0.551362683,0.709973753,0.344262295,0.112572372,0.86193918,0.52789548,0.630494505,0.181818182,0.529411765,0.507352941,0.666666667,0,0,0.485714286,0.285714286,0.153765397,Low
Marina Beach,Jul,2023,0.783368274,0.828740157,0.774962742,0.084339747,0.724278053,0.385240113,0.334478022,0,0.705882353,0.764705882,0.933333333,1,1,0.771428571,0.285714286,0.768769531,High
Dhanushkodi Beach,May,2022,0.867225716,0.987532808,0.767511177,0.019896142,0.584385305,0.73940678,0.322802198,0.181818182,0.529411765,0.470588235,0.533333333,1,0,0.2,0.857142857,0.428288575,Medium
Puri Beach,Sep,2022,0.776380154,0.861548556,0.647540984,0.177135353,0.481697365,0.27259887,0.278159341,0.181818182,0.470588235,0.397058824,0.533333333,0,0,0.485714286,0.428571429,0.134842276,Low
Palolem Beach,Nov,2023,0.725366876,0.734908136,0.769746647,0.093909791,0.107750724,0.32450565,0.710164835,0.636363636,0.294117647,0.323529412,0.466666667,0,0,0.342857143,0.428571429,0.182093089,Low
Palolem Beach,May,2023,0.977638015,0.880577428,0.859165425,0.00974911,0.956999634,0.542019774,0.588598901,0.363636364,0.588235294,0.507352941,0.733333333,1,0,0.514285714,0.714285714,0.474116592,Medium
Mandarmani Beach,Dec,2022,0.196366177,0.169947507,0.27123696,5.97E-05,0.721480199,0.165607345,0.868131868,0.727272727,0.058823529,0.25,0.266666667,0,0,0.342857143,0.428571429,0.160363945,Low
Tarkarli Beach,Mar,2023,0.691823899,0.676509186,0.742175857,5.97E-05,0.677647137,0.598163842,0.70260989,0.454545455,0.411764706,0.433823529,0.533333333,0,0,0.114285714,0.857142857,0.178370409,Low
Baga Beach,Mar,2023,0.715583508,0.680446194,0.779433681,5.97E-05,0.687339706,0.535310734,0.694368132,0.363636364,0.352941176,0.397058824,0.466666667,0,0,0.342857143,0.571428571,0.152020299,Low
Candolim Beach,Apr,2023,0.78197065,0.807742782,0.730253353,0.000198961,0.908703327,0.472810734,0.574862637,0.181818182,0.411764706,0.433823529,0.433333333,0,0,0.4,0.714285714,0.131266878,Low
Mandarmani Beach,Feb,2022,0.210342418,0.215879265,0.201937407,0.007043234,0.548213037,0.190677966,0.819368132,0.454545455,0.058823529,0.25,0.266666667,0,0,0.342857143,0.571428571,0.121446484,Low
Alleppey Beach,Oct,2023,0.552760307,0.676509186,0.573770492,0.195439804,0.331246045,0.245409605,0.758241758,0.454545455,0.647058824,0.948529412,0.066666667,0,1,0.257142857,0.285714286,0.519119693,Medium
Marina Beach,Mar,2022,0.663172607,0.652887139,0.685543964,0.008336484,0.289444759,0.239759887,0.597527473,0.545454545,0.411764706,0.544117647,0.666666667,0,0,0.2,0.714285714,0.200756512,Low
Palolem Beach,Feb,2023,0.852550664,0.476377953,0.900894188,0,0.276987643,0.411016949,0.742445055,0.636363636,0.294117647,0.360294118,0.466666667,0,0,0.228571429,0.571428571,0.184509654,Low
Tarkarli Beach,Oct,2023,0.630328442,0.707349081,0.569299553,0.044348501,0.545381874,0.356638418,0.715659341,0.454545455,0.352941176,0.360294118,0.433333333,0,0,0.314285714,0.571428571,0.161049376,Low
Agonda Beach,Aug,2022,0.640810622,0.715223097,0.45752608,0.345934223,0.881490857,0.49329096,0.45260989,0.090909091,0.270588235,0.058823529,0.506666667,0,0,0.509714286,0.178571429,0.086026074,Low
Palolem Beach,Mar,2022,0.829489867,0.752624672,0.862891207,0.001094288,0.548412883,0.217867232,0.57760989,0.545454545,0.352941176,0.360294118,0.466666667,0,0,0.142857143,0.571428571,0.172034089,Low
Tarkarli Beach,Jan,2022,0.461914745,0.450131234,0.453800298,0.000318338,0.746094661,0.322740113,0.789835165,0.636363636,0.176470588,0.25,0.333333333,0,0,0.2,0.428571429,0.158705141,Low
Candolim Beach,Dec,2022,0.610761705,0.603018373,0.665424739,0.00974911,0.305565733,0.188206215,0.677884615,0.818181818,0.117647059,0.213235294,0.133333333,0,0,0.2,0,0.161191,Low
Diu Beach,Apr,2023,0.748427673,0.739501312,0.842026826,0.007421261,0.83985611,0.663841808,0.609203297,0.363636364,0.411764706,0.433823529,0.466666667,1,0,0.057142857,0.857142857,0.440781497,Medium
Marina Beach,Apr,2023,0.767295597,0.792650919,0.786140089,0.009888383,0.452153349,0.420903955,0.57967033,0.363636364,0.529411765,0.691176471,0.8,0,0,0.342857143,0.857142857,0.203212408,Low
Puri Beach,Jan,2023,0.307477289,0.25984252,0.356184799,0.003342552,0.258401892,0.233050847,0.98489011,0.818181818,0.294117647,0.360294118,0.466666667,0,0,0.314285714,0.571428571,0.212852121,Low
Marina Beach,Dec,2022,0.474493361,0.589895013,0.374813711,0.138377669,0.24088199,0.273658192,0.717032967,0.545454545,0.235294118,0.323529412,0.466666667,0,0,0.2,0.428571429,0.162471241,Low
Candolim Beach,May,2023,0.856044724,0.909448819,0.800298063,0.002685979,0.950671152,0.545903955,0.581730769,0.363636364,0.941176471,0.544117647,0.733333333,1,0,0.6,0.857142857,0.507336946,Medium
Mandarmani Beach,Jan,2022,0,0,0,0.029386602,0.552276588,0.161016949,0.95260989,0.545454545,0,0.323529412,0.2,0,0,0.485714286,0.428571429,0.131822004,Low
Puri Beach,May,2023,0.855345912,0.904199475,0.76900149,0.00443684,0.587616161,0.483757062,0.374313187,0.272727273,0.647058824,0.544117647,0.866666667,1,0,0.514285714,0.857142857,0.473888295,Medium
Alleppey Beach,Jul,2023,0.519916143,0.687664042,0.396423249,0.280794254,1,0.536370056,0.67032967,0.090909091,0.294117647,0.139705882,0.933333333,0,1,0.428571429,0.642857143,0.440992108,Medium
Marina Beach,Nov,2022,0.466107617,0.575459318,0.363636364,0.220449255,0.230556573,0.222810734,0.730082418,0.636363636,0.294117647,0.397058824,0.533333333,0,0,0.2,0.571428571,0.191998089,Low
Kovalam Beach,Jan,2023,0.656184486,0.582020997,0.557377049,0.031256839,0.804116844,0.068149718,0.730082418,0.818181818,0.235294118,0.323529412,0.4,0,0,0.628571429,0.428571429,0.201145817,Low
Baga Beach,Oct,2023,0.673654787,0.767716535,0.623695976,0.039016335,0.511541152,0.318149718,0.712225275,0.363636364,0.235294118,0.323529412,0.266666667,0,0,0.4,0.285714286,0.123689653,Low
Kovalam Beach,Nov,2023,0.740740741,0.733595801,0.593889717,0.122420963,0.549412117,0.062146893,0.65728022,0.636363636,0.294117647,0.397058824,0.466666667,0,0,0.342857143,0.428571429,0.184611121,Low
Kovalam Beach,Apr,2023,0.856044724,0.835301837,0.733979136,0.042577744,0.825966759,0.109816384,0.566620879,0.363636364,0.411764706,0.507352941,0.6,0,0,0.628571429,0.571428571,0.169629588,Low
Dhanushkodi Beach,Jun,2023,0.900069881,0.849081365,0.816691505,0.02944629,0.618592412,0.745409605,0.423076923,0.090909091,0.764705882,0.544117647,0.733333333,1,1,0.485714286,0.571428571,0.767533785,High
Mandarmani Beach,Nov,2023,0.438155136,0.429133858,0.459016393,0.010604644,0.348133098,0.291666667,0.894230769,0.727272727,0.176470588,0.397058824,0.466666667,1,0,0.2,0.571428571,0.470792865,Medium
Tarkarli Beach,Sep,2022,0.520614955,0.700131234,0.286885246,0.285708601,0.817306732,0.367937853,0.525412088,0.272727273,0.352941176,0.433823529,0.466666667,0,0,0.371428571,0.285714286,0.13900134,Low
Marina Beach,May,2022,0.853948288,0.884514436,0.899403875,0.044428085,0.592545715,0.270480226,0.228021978,0.272727273,0.588235294,0.691176471,0.866666667,1,0,0.485714286,0.714285714,0.473804339,Medium
Baga Beach,Nov,2022,0.634521314,0.640419948,0.658718331,0.001333042,0.260067282,0.164194915,0.694368132,0.727272727,0.529411765,0.470588235,0.466666667,0,0,0.257142857,0.142857143,0.215115119,Low
Alleppey Beach,Nov,2023,0.576519916,0.680446194,0.605067064,0.154652713,0.271192086,0.212923729,0.701236264,0.727272727,0.411764706,0.213235294,0.533333333,0,1,0.114285714,0.285714286,0.517565266,Medium
Gokarna Beach,Sep,2022,0.529000699,0.645013123,0.418032787,0.32888323,0.774905905,0.284251412,0.493818681,0.181818182,0.294117647,0.360294118,0.4,0,0,0.485714286,0.285714286,0.114169767,Low
Puri Beach,Mar,2023,0.634521314,0.607611549,0.631892697,0.053023219,0.564933551,0.362641243,0.764423077,0.545454545,0.470588235,0.433823529,0.6,0,0,0.171428571,0.857142857,0.200359288,Low
Tarkarli Beach,Jun,2022,0.573724668,0.780839895,0.288375559,0.459660572,0.6877394,0.326271186,0.399038462,0.181818182,0.882352941,0.617647059,0.866666667,1,1,0.485714286,0.428571429,0.804036966,High
Baga Beach,Apr,2023,0.78197065,0.807742782,0.730253353,0.000198961,0.908703327,0.472810734,0.574862637,0.272727273,0.411764706,0.433823529,0.433333333,0,0,0.4,0.714285714,0.144903241,Low
Puri Beach,Jul,2023,0.809224319,0.921259843,0.63561848,0.166809256,0.558605069,0.393714689,0.01510989,0,0.823529412,0.580882353,0.933333333,1,1,0.742857143,0.571428571,0.770083837,High
Gokarna Beach,Apr,2023,0.806429071,0.789370079,0.702682563,0.002248264,0.856743164,0.413841808,0.558379121,0.454545455,0.352941176,0.397058824,0.433333333,0,0,0.142857143,0.714285714,0.162159491,Low
Alleppey Beach,Jan,2023,0.524109015,0.487532808,0.631892697,0.02516862,0.124204776,0.194562147,0.756868132,0.818181818,0.588235294,0.544117647,0.5,1,1,0.371428571,0.285714286,0.843960132,High
Dhanushkodi Beach,Sep,2022,0.745632425,0.877952756,0.638599106,0.020353753,0.572494421,0.643714689,0.483516484,0.363636364,0.294117647,0.360294118,0.333333333,0,0,0.542857143,0.142857143,0.133330064,Low
Agonda Beach,Jan,2022,0.651991614,0.485564304,0.722801788,5.97E-05,0.521533491,0.295550847,0.771291209,0.727272727,0.076470588,0.117647059,0.453333333,0,1,0.655428571,0.487142857,0.487758596,Medium
Agonda Beach,Dec,2023,0.705101328,0.732939633,0.814456036,0.003979228,0.163974286,0.431850282,0.712912088,0.818181818,0.494117647,0.161764706,0.226666667,1,1,0.576,0.505714286,0.806257925,High
Diu Beach,Feb,2023,0.519916143,0.375984252,0.691505216,0,0.527495587,0.480579096,0.901785714,0.545454545,0.235294118,0.323529412,0.333333333,0,0,0.2,0.571428571,0.158561416,Low
Alleppey Beach,Oct,2022,0.510831586,0.627952756,0.529061103,0.178488291,0.607400993,0.098870056,0.656593407,0.454545455,0.705882353,0.691176471,0.333333333,0,1,0.314285714,0.357142857,0.521154838,Medium
Puri Beach,Nov,2022,0.457721873,0.413385827,0.462742176,0,0.084335343,0.154661017,0.823489011,0.636363636,0.352941176,0.323529412,0.433333333,0,0,0.342857143,0.714285714,0.187044409,Low
Baga Beach,Jun,2022,0.619846261,0.708661417,0.502235469,0.597282187,0.766345802,0.225282486,0.396291209,0.090909091,0.823529412,0.507352941,0.666666667,1,0,0.542857143,0.857142857,0.458176845,Medium
Gokarna Beach,May,2022,0.688329839,0.74671916,0.625186289,0.244384314,0.829230923,0.336158192,0.341346154,0.363636364,0.411764706,0.470588235,0.533333333,1,0,0.4,0.571428571,0.445312385,Medium
Marina Beach,Sep,2023,0.73025856,0.774934383,0.770491803,0.143908796,0.678413217,0.383121469,0.394230769,0.181818182,0.529411765,0.617647059,0.8,0,0,0.485714286,0.428571429,0.167310662,Low
Palolem Beach,Oct,2023,0.7267645,0.765748031,0.740685544,0.06297129,0.426772808,0.308968927,0.721840659,0.363636364,0.411764706,0.360294118,0.533333333,0,0,0.4,0.571428571,0.158217021,Low
Diu Beach,Jun,2022,0.756813417,0.914041995,0.664679583,0.038857166,0.709189621,0.59039548,0.210164835,0.181818182,0.588235294,0.544117647,0.666666667,1,0,0.485714286,0.428571429,0.43881471,Medium
Dhanushkodi Beach,Jan,2023,0.580013976,0.565616798,0.430700447,0.010783709,0,0.654661017,0.822802198,0.545454545,0.235294118,0.286764706,0.333333333,0,0,0.428571429,0.285714286,0.154886324,Low
Diu Beach,Jul,2023,0.675751223,0.850393701,0.468703428,0.286186109,0.789627952,0.936087571,0.201923077,0.090909091,0.588235294,0.507352941,0.666666667,1,1,0.628571429,0.285714286,0.749115363,High
Dhanushkodi Beach,May,2023,0.832983927,0.841207349,0.697466468,0.082091482,0.629850448,0.686440678,0.535027473,0.181818182,0.588235294,0.507352941,0.666666667,1,0,0.2,0.857142857,0.444305713,Medium
Gokarna Beach,May,2023,0.84765898,0.827427822,0.696721311,0.028550964,0.899210605,0.49329096,0.563873626,0.363636364,0.470588235,0.507352941,0.533333333,1,0,0.342857143,0.571428571,0.450503572,Medium
Baga Beach,Jan,2023,0.531795947,0.49343832,0.618479881,0,0.504679746,0.451624294,0.807005495,0.727272727,0.235294118,0.286764706,0.333333333,0,0,0.228571429,0.142857143,0.176451453,Low
Agonda Beach,May,2023,0.977638015,0.880577428,0.859165425,0.00974911,0.956999634,0.542019774,0.588598901,0.272727273,0.205882353,0.279411765,0.366666667,0,0,0.586571429,0.238571429,0.111469332,Low
Palolem Beach,Apr,2023,0.92382949,0.778215223,0.859165425,0.000795846,0.870932285,0.453742938,0.582417582,0.454545455,0.470588235,0.433823529,0.6,0,0,0.371428571,0.857142857,0.187139545,Low
Mandarmani Beach,Aug,2022,0.674353599,0.829396325,0.491803279,0.255764907,0.555374213,0.30579096,0.048076923,0.272727273,0.411764706,0.544117647,0.6,0,0,0.628571429,0.285714286,0.154945243,Low
Puri Beach,Jun,2022,0.85115304,0.960629921,0.705663189,0.076799109,0.615794558,0.446327684,0.095467033,0.090909091,0.941176471,0.580882353,0.933333333,1,1,0.628571429,0.571428571,0.791360108,High
Baga Beach,Jul,2022,0.58490566,0.715879265,0.40685544,0.559399932,0.874163142,0.400070621,0.42032967,0.090909091,0.705882353,0.544117647,0.533333333,1,0,0.628571429,0.571428571,0.441476406,Medium
Candolim Beach,Jul,2022,0.58490566,0.715879265,0.40685544,0.559399932,0.874163142,0.400070621,0.42032967,0.181818182,0.705882353,0.544117647,0.533333333,1,0,0.628571429,0.571428571,0.45511277,Medium
Diu Beach,Oct,2023,0.753319357,0.761811024,0.842026826,0,0.649302202,0.43220339,0.754807692,0.454545455,0.352941176,0.360294118,0.333333333,0,0,0.314285714,0.428571429,0.154178767,Low
Alleppey Beach,Jan,2022,0.617051013,0.604330709,0.745901639,0.008913472,0.612330547,0.103813559,0.712912088,0.818181818,0.058823529,0.117647059,0.466666667,0,1,0.628571429,0.428571429,0.497884847,Medium
Baga Beach,Aug,2023,0.607267645,0.748687664,0.503725782,0.10582758,0.890184192,0.467161017,0.629807692,0.090909091,0.352941176,0.397058824,0.333333333,0,0,0.571428571,0.571428571,0.107470607,Low
Dhanushkodi Beach,Jun,2022,0.825995807,0.937664042,0.739940387,0.018364139,0.613696166,0.69809322,0.366758242,0.090909091,0.705882353,0.544117647,0.666666667,1,0,0.485714286,0.571428571,0.438425493,Medium
Tarkarli Beach,Aug,2022,0.531097135,0.750656168,0.219821162,0.324565767,0.857509243,0.583686441,0.424450549,0.181818182,0.470588235,0.507352941,0.6,0,0,0.428571429,0.142857143,0.145657514,Low
Kovalam Beach,Jan,2022,0.714185884,0.62992126,0.59538003,0.000994807,0.919728208,0.13559322,0.679258242,0.818181818,0.176470588,0.323529412,0.333333333,0,0,0.628571429,0.285714286,0.19049228,Low
Mandarmani Beach,May,2022,0.779175402,0.908792651,0.636363636,0.088776586,0.541518169,0.439971751,0.151098901,0.181818182,0.235294118,0.470588235,0.466666667,0,0,0.485714286,0.714285714,0.119848025,Low
Candolim Beach,Nov,2022,0.634521314,0.640419948,0.658718331,0.001333042,0.260067282,0.164194915,0.694368132,0.272727273,0.529411765,0.470588235,0.466666667,0,0,0.257142857,0.142857143,0.146933301,Low
Puri Beach,Apr,2022,0.765199161,0.892388451,0.632637854,0.000198961,0.622023116,0.552259887,0.427197802,0.363636364,0.470588235,0.433823529,0.666666667,0,0,0.342857143,0.857142857,0.175760793,Low
Kovalam Beach,Oct,2022,0.645702306,0.68175853,0.518628912,0.1903066,0.890184192,0.201271186,0.62293956,0.363636364,0.294117647,0.397058824,0.466666667,0,0,0.485714286,0.428571429,0.147044312,Low
Alleppey Beach,Sep,2022,0.537386443,0.668635171,0.555886736,0.12986212,0.923558605,0.189971751,0.618131868,0.272727273,0.588235294,0.654411765,0,0,1,0.257142857,0.285714286,0.463387887,Medium
Marina Beach,Feb,2022,0.506638714,0.517716535,0.479135618,0.001412626,0.181094494,0.195974576,0.768543956,0.727272727,0.352941176,0.470588235,0.6,0,0,0.057142857,0.571428571,0.212730504,Low
Baga Beach,Dec,2023,0.670859539,0.653543307,0.739195231,0,0.259600973,0.357344633,0.723214286,1,0.117647059,0.25,0.2,0,0,0.228571429,0,0.195723801,Low
Puri Beach,Aug,2023,0.805730259,0.887795276,0.676602086,0.204731303,0.729973687,0.40960452,0.171016484,0.090909091,0.588235294,0.507352941,0.733333333,0,0,0.628571429,0.428571429,0.149319176,Low
Candolim Beach,Feb,2022,0.533892383,0.507217848,0.574515648,0,0.931585784,0.239053672,0.679258242,0.454545455,0.294117647,0.25,0.4,0,0,0.257142857,0.428571429,0.143393187,Low
Dhanushkodi Beach,Apr,2023,0.84765898,0.82152231,0.791356185,0.056704005,0.385537754,0.439618644,0.581730769,0.272727273,0.470588235,0.397058824,0.533333333,1,0,0.228571429,0.714285714,0.431646255,Medium
Mandarmani Beach,May,2023,0.818308875,0.903543307,0.715350224,0.040687611,0.553242514,0.614053672,0.388049451,0.181818182,0.352941176,0.617647059,0.533333333,1,0,0.485714286,0.714285714,0.423696126,Medium
Dhanushkodi Beach,Sep,2023,0.798043326,0.754593176,0.726527571,0.017906528,0.621456883,0.909957627,0.521291209,0.363636364,0.352941176,0.397058824,0.4,0,0,0.485714286,0.142857143,0.145211063,Low
Agonda Beach,Oct,2022,0.715583508,0.656167979,0.602086438,0.070671097,0.400359724,0.221398305,0.640796703,0.363636364,0.858823529,0.669117647,0.34,0,1,0.347142857,0.357142857,0.517847966,Medium
Mandarmani Beach,Mar,2023,0.529000699,0.550524934,0.507451565,0.039215296,0.639842787,0.38700565,0.750686813,0.363636364,0.176470588,0.470588235,0.4,1,0,0.2,0.571428571,0.417436901,Medium
Marina Beach,Mar,2023,0.617051013,0.637795276,0.599850969,0.028431587,0.280218499,0.375706215,0.750686813,0.545454545,0.470588235,0.617647059,0.733333333,0,0,0.2,0.714285714,0.215680506,Low
Mandarmani Beach,Aug,2023,0.72327044,0.851706037,0.564083458,0.207556555,0.650168204,0.587923729,0.098214286,0.272727273,0.470588235,0.617647059,0.666666667,1,0,0.628571429,0.285714286,0.448928574,Medium
Palolem Beach,Dec,2022,0.798043326,0.499343832,0.80923994,0.008157418,0.076841088,0.236581921,0.674450549,0.636363636,0.117647059,0.25,0.333333333,0,0,0.257142857,0.285714286,0.151406028,Low
Baga Beach,Nov,2023,0.689727463,0.727034121,0.692995529,0.036012017,0.33101289,0.303319209,0.710164835,0.727272727,0.176470588,0.286764706,0.233333333,0,0,0.285714286,0.142857143,0.166262882,Low
Baga Beach,Dec,2022,0.610761705,0.603018373,0.665424739,0.00974911,0.305565733,0.188206215,0.677884615,1,0.117647059,0.213235294,0.133333333,0,0,0.2,0,0.188463727,Low
Marina Beach,Jun,2022,0.835779175,0.854986877,0.909090909,0.06193669,0.622689272,0.229872881,0.260302198,0.090909091,0.705882353,0.764705882,0.933333333,1,1,0.628571429,0.428571429,0.781147673,High
Diu Beach,Jul,2022,0.649196366,0.846456693,0.441132638,0.234774477,0.771042201,0.855225989,0.157967033,0.090909091,0.529411765,0.507352941,0.6,1,1,0.628571429,0.285714286,0.739154076,High
Kovalam Beach,Oct,2023,0.7092942,0.702755906,0.584947839,0.42295219,0.78436532,0.109816384,0.722527473,0.363636364,0.352941176,0.433823529,0.533333333,0,0,0.485714286,0.571428571,0.164075372,Low
Baga Beach,Oct,2022,0.589098532,0.679133858,0.557377049,0.047691053,0.531625754,0.165254237,0.634615385,0.363636364,0.235294118,0.286764706,0.3,0,0,0.371428571,0.285714286,0.121272076,Low
Agonda Beach,Jan,2023,0.739343117,0.402887139,0.742175857,0,0.461912534,0.451624294,0.798763736,0.727272727,0.623529412,0.514705882,0.473333333,1,1,0.352857143,0.271428571,0.831415937,High
Puri Beach,Mar,2022,0.651991614,0.651574803,0.646050671,0.000576988,0.568264331,0.302259887,0.581043956,0.545454545,0.411764706,0.397058824,0.533333333,0,0,0.142857143,0.714285714,0.184813596,Low
Kovalam Beach,Dec,2023,0.768693222,0.809711286,0.639344262,0.088060325,0.784465243,0.068149718,0.64217033,0.636363636,0.235294118,0.360294118,0.4,0,0,0.485714286,0.285714286,0.17296548,Low
Alleppey Beach,May,2022,0.585604472,0.734908136,0.508941878,0.400111418,0.687639476,0.124646893,0.476648352,0.181818182,0.117647059,0.433823529,0.466666667,0,0,0.2,0.285714286,0.105129725,Low
Baga Beach,Apr,2022,0.797344514,0.777559055,0.74366617,0.036270667,0.900143224,0.195621469,0.524038462,0.272727273,0.352941176,0.360294118,0.4,0,0,0.342857143,0.714285714,0.131899356,Low
Agonda Beach,Nov,2023,0.725366876,0.734908136,0.769746647,0.093909791,0.107750724,0.32450565,0.710164835,0.818181818,0.317647059,0.176470588,0.54,0,1,0.116285714,0.294285714,0.521811306,Medium
Alleppey Beach,Aug,2022,0.510831586,0.696850394,0.384500745,0.301267384,0.958098791,0.263418079,0.539148352,0.181818182,0.294117647,0.066176471,0.533333333,0,0,0.542857143,0.142857143,0.101276517,Low
Dhanushkodi Beach,Jul,2022,0.78895877,0.87007874,0.719821162,0.072322477,0.593544949,0.48940678,0.37293956,0.181818182,0.647058824,0.507352941,0.6,1,1,0.628571429,0.428571429,0.760696208,High
Kovalam Beach,Mar,2022,0.766596785,0.730971129,0.666169896,0.041065637,0.876428072,0.153601695,0.555631868,0.545454545,0.294117647,0.360294118,0.466666667,0,0,0.342857143,0.571428571,0.169265258,Low
Palolem Beach,Sep,2023,0.742837177,0.721128609,0.601341282,0.367282784,0.848616061,0.40960452,0.548763736,0.181818182,0.470588235,0.397058824,0.6,0,0,0.514285714,0.428571429,0.1451518,Low
Mandarmani Beach,Oct,2022,0.573724668,0.672572178,0.468703428,0.094407194,0.430636512,0.204096045,0.609203297,0.545454545,0.235294118,0.397058824,0.466666667,0,0,0.342857143,0.428571429,0.166220456,Low
Candolim Beach,Jun,2023,0.716981132,0.845800525,0.632637854,0.267941346,0.741598108,0.519774011,0.488324176,0,0.529411765,0.507352941,0.5,0,0,0.542857143,0.571428571,0.125062653,Low
Marina Beach,Feb,2023,0.479385045,0.469160105,0.505961252,0,0.175398861,0.280720339,0.850274725,0.727272727,0.411764706,0.544117647,0.666666667,0,0,0.057142857,0.571428571,0.226428536,Low
Gokarna Beach,Feb,2023,0.585604472,0.467191601,0.749627422,0,0.191319988,0.316031073,0.678571429,0.636363636,0.294117647,0.323529412,0.4,0,0,0.285714286,0.428571429,0.176071853,Low
Mandarmani Beach,Jan,2023,0.148148148,0.101049869,0.18852459,0.003859852,0.384338674,0.264830508,0.993818681,0.545454545,0.058823529,0.323529412,0.266666667,1,0,0.485714286,0.428571429,0.420621101,Medium
Tarkarli Beach,Dec,2022,0.603074773,0.614173228,0.616244411,0.014822626,0.382173667,0.283545198,0.6875,0.636363636,0.235294118,0.323529412,0.366666667,0,0,0.142857143,0.428571429,0.168263006,Low
Diu Beach,Aug,2023,0.671558351,0.840551181,0.585692996,0.011619347,0.765446491,0.917019774,0.427884615,0.181818182,0.411764706,0.433823529,0.466666667,0,0,0.542857143,0.142857143,0.127796753,Low
Dhanushkodi Beach,Jan,2022,0.621243885,0.764435696,0.499254844,0.07142715,0.083935649,0.51059322,0.755494505,0.545454545,0.176470588,0.25,0.266666667,0,0,0.485714286,0.285714286,0.144886499,Low
Palolem Beach,Apr,2022,1,0.843175853,0.915052161,0.016852032,0.856843087,0.235875706,0.535027473,0.454545455,0.411764706,0.397058824,0.533333333,0,0,0.342857143,0.714285714,0.172922638,Low
Agonda Beach,Aug,2023,0.773584906,0.73687664,0.607302534,0.094924494,0.924890917,0.417019774,0.647664835,0.090909091,0.623529412,0.757352941,0.453333333,0,1,0.566,0.482857143,0.475040742,Medium
Kovalam Beach,Dec,2022,0.661076171,0.630577428,0.564083458,0.076242017,0.810778403,0.108403955,0.608516484,0.636363636,0.176470588,0.323529412,0.333333333,0,0,0.485714286,0.428571429,0.164575979,Low
Puri Beach,Apr,2023,0.805031447,0.81167979,0.816691505,0.01253457,0.635346235,0.344632768,0.524038462,0.363636364,0.529411765,0.470588235,0.733333333,0,0,0.371428571,1,0.188174228,Low
Candolim Beach,Jan,2022,0.475890985,0.482283465,0.511922504,0.000457611,0.611564467,0.226341808,0.780906593,0.727272727,0.176470588,0.323529412,0.333333333,0,0,0.2,0.285714286,0.173924964,Low
Mandarmani Beach,Apr,2022,0.751222921,0.884514436,0.614008942,0.007421261,0.571728342,0.532132768,0.382554945,0.272727273,0.176470588,0.397058824,0.4,0,0,0.342857143,0.714285714,0.120533506,Low
Agonda Beach,Apr,2023,0.92382949,0.778215223,0.859165425,0.000795846,0.870932285,0.453742938,0.582417582,0.272727273,0.488235294,0.676470588,0.8,1,0,0.165714286,0.384285714,0.456687406,Medium
Baga Beach,Jun,2023,0.716981132,0.845800525,0.632637854,0.267941346,0.741598108,0.519774011,0.488324176,0.090909091,0.529411765,0.507352941,0.5,0,0,0.542857143,0.571428571,0.138699016,Low
Candolim Beach,Aug,2023,0.607267645,0.748687664,0.503725782,0.10582758,0.890184192,0.467161017,0.629807692,0.090909091,0.352941176,0.397058824,0.333333333,0,0,0.571428571,0.571428571,0.107470607,Low
Palolem Beach,Jun,2022,0.732354997,0.751312336,0.575260805,0.63269732,0.744695733,0.266949153,0.429945055,0.090909091,0.823529412,0.544117647,0.866666667,1,1,0.628571429,0.428571429,0.786118109,High
Agonda Beach,Mar,2023,0.883997205,0.553149606,0.90685544,0.00366089,0.609532692,0.53460452,0.692994505,0.363636364,0.182352941,0.647058824,0.313333333,1,1,0.112571429,0.384285714,0.740776486,High
Marina Beach,Oct,2022,0.594689029,0.673228346,0.566318927,0.153976244,0.47180495,0.171610169,0.572115385,0.363636364,0.352941176,0.470588235,0.6,0,0,0.342857143,0.571428571,0.162286105,Low
Alleppey Beach,Jul,2022,0.519217331,0.70144357,0.409090909,0.195937208,0.999034074,0.24470339,0.551510989,0.090909091,0.147058824,0.617647059,0.1,0,0,0.4,0.428571429,0.088145374,Low
Alleppey Beach,Mar,2022,0.688329839,0.682414698,0.764530551,0.035116691,0.627152516,0.106991525,0.587912088,0.272727273,0.088235294,0.838235294,0.533333333,1,0,0.285714286,0.571428571,0.423241255,Medium
Tarkarli Beach,May,2023,0.818308875,0.900918635,0.748882265,0.001870237,0.957132865,0.652189266,0.584478022,0.272727273,0.588235294,0.580882353,0.733333333,1,0,0.342857143,0.714285714,0.463655945,Medium
Marina Beach,Jul,2022,0.737246681,0.794619423,0.745901639,0.102365651,0.680245145,0.250353107,0.269917582,0,0.647058824,0.691176471,0.866666667,1,1,0.771428571,0.285714286,0.755171289,High
Marina Beach,Jan,2023,0.428371768,0.465223097,0.378539493,0.002884941,0.086933351,0.311793785,0.907967033,0.909090909,0.352941176,0.470588235,0.6,0,0,0.2,0.571428571,0.243285299,Low
Diu Beach,Jan,2023,0.319357093,0.200787402,0.359910581,0,0.36155614,0.502471751,0.975274725,0.636363636,0.176470588,0.25,0.266666667,0,0,0.257142857,0.428571429,0.158584936,Low
Alleppey Beach,Apr,2022,0.644304682,0.742125984,0.724292101,0.166729671,0.195250308,0.071327684,0.572802198,0.363636364,0.470588235,0.470588235,0.733333333,1,0,0.485714286,0.428571429,0.457354056,Medium
Kovalam Beach,Sep,2023,0.668064291,0.69160105,0.505961252,0.307395396,0.939679579,0.210805085,0.622252747,0.181818182,0.470588235,0.470588235,0.6,0,0,0.628571429,0.428571429,0.148669497,Low
Puri Beach,Feb,2022,0.380153739,0.339895013,0.369597615,0.010584748,0.422709256,0.202683616,0.818681319,0.727272727,0.294117647,0.360294118,0.466666667,0,0,0.2,0.571428571,0.196681673,Low
Baga Beach,Jul,2023,0.538784067,0.73687664,0.326378539,0.82614751,0.833993938,0.729166667,0.514423077,0.090909091,0.647058824,0.470588235,0.6,1,1,0.657142857,0.428571429,0.761879096,High
Kovalam Beach,Feb,2023,0.707197764,0.658792651,0.576751118,0.003899644,0.944675749,0,0.710164835,0.727272727,0.294117647,0.397058824,0.466666667,0,0,0.485714286,0.571428571,0.199537918,Low
Mandarmani Beach,Jul,2023,0.729559748,0.880577428,0.549180328,0.166172579,0.469973021,0.663841808,0.055631868,0.181818182,0.588235294,0.691176471,0.733333333,1,0,0.771428571,0.428571429,0.45541007,Medium
Tarkarli Beach,Dec,2023,0.63312369,0.624015748,0.705663189,0,0.352962729,0.45480226,0.733516484,0.636363636,0.294117647,0.286764706,0.4,0,0,0.2,0.428571429,0.174375822,Low
Gokarna Beach,Sep,2023,0.589098532,0.711286089,0.413561848,0.265016613,0.75835193,0.395127119,0.54739011,0.181818182,0.352941176,0.360294118,0.433333333,0,0,0.428571429,0.285714286,0.119957652,Low
Alleppey Beach,Feb,2022,0.642208246,0.639107612,0.751117735,0.028710133,0.724977517,0.105579096,0.650412088,0.454545455,0.411764706,0.25,0.2,0,0,0.257142857,0.714285714,0.14664767,Low
Puri Beach,May,2022,0.837875611,0.916666667,0.705663189,0.0778735,0.55027812,0.467867232,0.153846154,0.272727273,0.588235294,0.507352941,0.8,1,0,0.485714286,0.714285714,0.460671619,Medium
Palolem Beach,Jan,2022,0.651991614,0.485564304,0.722801788,5.97E-05,0.521533491,0.295550847,0.771291209,0.727272727,0.176470588,0.286764706,0.333333333,0,0,0.257142857,0.285714286,0.172901369,Low
Gokarna Beach,Dec,2022,0.5639413,0.494094488,0.719076006,0.01655359,0.165906139,0.240819209,0.602335165,0.636363636,0.294117647,0.323529412,0.4,0,0,0.314285714,0.428571429,0.17550516,Low
Agonda Beach,Mar,2022,0.829489867,0.752624672,0.862891207,0.001094288,0.548412883,0.217867232,0.57760989,0.363636364,0.111764706,1,0.54,1,0,0.273428571,0.617142857,0.449507692,Medium
Marina Beach,Dec,2023,0.497554158,0.622703412,0.374813711,0.203637015,0.10585218,0.502118644,0.817994505,0.545454545,0.235294118,0.323529412,0.466666667,0,0,0.2,0.428571429,0.166118084,Low
Puri Beach,Feb,2023,0.491963662,0.459973753,0.534277198,0.00077595,0.553542284,0.359463277,0.848901099,0.727272727,0.352941176,0.397058824,0.533333333,0,0,0.228571429,0.714285714,0.210672871,Low
Marina Beach,Aug,2023,0.800139762,0.801181102,0.842026826,0.075227313,0.655430836,0.378531073,0.441620879,0.090909091,0.588235294,0.691176471,0.866666667,1,0,0.628571429,0.285714286,0.444524568,Medium
Tarkarli Beach,Oct,2022,0.541579315,0.661417323,0.426229508,0.072839776,0.446657563,0.233757062,0.648351648,0.454545455,0.294117647,0.397058824,0.4,0,0,0.285714286,0.428571429,0.153453772,Low
Baga Beach,Sep,2023,0.58490566,0.760498688,0.481371088,0.233978632,0.83729141,0.430437853,0.520604396,0.181818182,0.294117647,0.360294118,0.3,0,0,0.514285714,0.428571429,0.11109608,Low
Palolem Beach,Dec,2023,0.705101328,0.732939633,0.814456036,0.003979228,0.163974286,0.431850282,0.712912088,0.636363636,0.176470588,0.286764706,0.4,0,0,0.285714286,0.285714286,0.163537242,Low
Palolem Beach,Aug,2022,0.640810622,0.715223097,0.45752608,0.345934223,0.881490857,0.49329096,0.45260989,0.090909091,0.470588235,0.397058824,0.6,0,0,0.571428571,0.142857143,0.127068287,Low
Marina Beach,Apr,2022,0.793151642,0.827427822,0.772727273,0.006366765,0.443926323,0.25,0.518543956,0.363636364,0.470588235,0.617647059,0.733333333,0,0,0.342857143,0.857142857,0.188995765,Low
Alleppey Beach,Feb,2023,0.571628232,0.530839895,0.631147541,0.00809773,0.321819938,0.237641243,0.736263736,0.454545455,0.382352941,0.139705882,0.9,0,0,0.542857143,0.285714286,0.170205295,Low
Diu Beach,Jan,2022,0.292103424,0.219160105,0.292101341,0.000318338,0.308263665,0.424788136,0.929258242,0.636363636,0.117647059,0.176470588,0.2,0,0,0.342857143,0.428571429,0.146017421,Low
Diu Beach,May,2023,0.84416492,0.914698163,0.834575261,0.000955015,0.820337741,0.771892655,0.543269231,0.272727273,0.529411765,0.507352941,0.6,1,0,0.2,0.714285714,0.447019617,Medium
Kovalam Beach,Jul,2023,0.682040531,0.697506562,0.55514158,0.088836275,0.948106452,0.406073446,0.616071429,0,0.705882353,0.580882353,0.8,1,1,1,0.142857143,0.753480503,High
Gokarna Beach,Jul,2022,0.511530398,0.67191601,0.36438152,0.779610434,0.86223895,0.386299435,0.407967033,0,0.529411765,0.507352941,0.6,1,1,0.714285714,0.285714286,0.735367501,High
Gokarna Beach,Jan,2023,0.495457722,0.420603675,0.626676602,0.000636677,0.205109416,0.363347458,0.728708791,0.727272727,0.176470588,0.286764706,0.333333333,0,0,0.371428571,0.285714286,0.174092981,Low
Kovalam Beach,Apr,2022,0.7267645,0.757217848,0.675111773,0.084857046,0.688538787,0.145833333,0.529532967,0.363636364,0.352941176,0.470588235,0.533333333,0,0,0.628571429,0.714285714,0.162227202,Low
Baga Beach,Feb,2022,0.533892383,0.507217848,0.574515648,0,0.931585784,0.239053672,0.679258242,0.545454545,0.294117647,0.25,0.4,0,0,0.257142857,0.428571429,0.157029551,Low
Mandarmani Beach,Sep,2023,0.674353599,0.803805774,0.493293592,0.225821213,0.456483363,0.54519774,0.194368132,0.363636364,0.411764706,0.544117647,0.6,1,0,0.485714286,0.285714286,0.449431773,Medium
Candolim Beach,Mar,2022,0.710691824,0.738188976,0.728017884,0.004556217,0.710521933,0.176200565,0.568681319,0.272727273,0.411764706,0.397058824,0.466666667,0,0,0.314285714,0.571428571,0.139318856,Low
Mandarmani Beach,Dec,2023,0.151642208,0.12664042,0.192250373,0.003342552,0.657895613,0.330155367,1,0.727272727,0.117647059,0.323529412,0.4,1,0,0.342857143,0.428571429,0.458338428,Medium
Mandarmani Beach,Jul,2022,0.695317959,0.844488189,0.508196721,0.236067726,0.468340939,0.384533898,0.042582418,0.181818182,0.529411765,0.617647059,0.666666667,0,0,0.771428571,0.428571429,0.162186563,Low
Puri Beach,Dec,2023,0.240391335,0.223097113,0.253353204,0.00706313,0.030210172,0.22210452,0.999313187,0.636363636,0.294117647,0.323529412,0.466666667,0,0,0.314285714,0.428571429,0.181237274,Low
Alleppey Beach,Apr,2023,0.694619147,0.730971129,0.799552906,0.097690058,0.522665956,0.242231638,0.598214286,0.363636364,0.441176471,0.654411765,0.833333333,1,0,0.2,0.428571429,0.468336516,Medium
Puri Beach,Jan,2022,0.168413697,0.152887139,0.157228018,0.016175564,0.144522533,0.149717514,0.938186813,0.818181818,0.235294118,0.323529412,0.4,0,0,0.285714286,0.428571429,0.199266362,Low
Gokarna Beach,Nov,2023,0.672257163,0.677821522,0.683308495,0.041841587,0.181127802,0.282485876,0.642857143,0.636363636,0.411764706,0.360294118,0.433333333,0,0,0.257142857,0.571428571,0.19142145,Low
Alleppey Beach,Aug,2023,0.600978337,0.715223097,0.627421759,0.079843218,0.988175732,0.411723164,0.688873626,0.181818182,0.558823529,0.727941176,0.466666667,0,1,0.571428571,0.428571429,0.481668765,Medium
Palolem Beach,Mar,2023,0.883997205,0.553149606,0.90685544,0.00366089,0.609532692,0.53460452,0.692994505,0.545454545,0.411764706,0.397058824,0.533333333,0,0,0.171428571,0.714285714,0.187940726,Low
Palolem Beach,Jun,2023,0.79594689,0.795931759,0.653502235,0.546348063,0.75215668,0.476341808,0.513049451,0.090909091,0.882352941,0.580882353,0.933333333,1,1,0.657142857,0.571428571,0.799359968,High
Gokarna Beach,Aug,2023,0.621942697,0.719816273,0.427719821,0.093889895,0.853745462,0.390889831,0.638049451,0.090909091,0.411764706,0.397058824,0.466666667,0,0,0.485714286,0.142857143,0.110786655,Low
Baga Beach,Sep,2022,0.596785465,0.692913386,0.48733234,0.211893914,0.863271492,0.270480226,0.518543956,0.181818182,0.294117647,0.323529412,0.266666667,0,0,0.485714286,0.428571429,0.105387981,Low
Palolem Beach,Aug,2023,0.773584906,0.73687664,0.607302534,0.094924494,0.924890917,0.417019774,0.647664835,0.090909091,0.529411765,0.433823529,0.666666667,0,0,0.6,0.285714286,0.136149089,Low
Marina Beach,May,2023,0.846261356,0.882545932,0.887481371,0.040886572,0.564100856,0.391596045,0.447115385,0.272727273,0.647058824,0.764705882,0.933333333,1,0,0.485714286,0.714285714,0.488776667,Medium
Agonda Beach,Dec,2022,0.798043326,0.499343832,0.80923994,0.008157418,0.076841088,0.236581921,0.674450549,0.818181818,0.617647059,0.867647059,0.92,0,0,0.598285714,0.444285714,0.290860913,Low
Gokarna Beach,Jun,2023,0.685534591,0.777559055,0.522354694,0.422534371,0.707524231,0.461864407,0.504807692,0.090909091,0.705882353,0.544117647,0.666666667,1,1,0.542857143,0.428571429,0.763766507,High
Diu Beach,Mar,2023,0.635220126,0.637795276,0.702682563,0,0.593644872,0.531073446,0.765796703,0.454545455,0.352941176,0.397058824,0.4,0,0,0.142857143,0.714285714,0.162930069,Low
Candolim Beach,Nov,2023,0.689727463,0.727034121,0.692995529,0.036012017,0.33101289,0.303319209,0.710164835,0.272727273,0.176470588,0.286764706,0.233333333,0,0,0.285714286,0.142857143,0.098081064,Low
Agonda Beach,Feb,2022,0.710691824,0.475721785,0.757078987,0,0.716883722,0.276483051,0.677197802,0.636363636,0.482352941,0.264705882,0.186666667,0,0,0.251714286,0.69,0.180235653,Low
Candolim Beach,Sep,2022,0.596785465,0.692913386,0.48733234,0.211893914,0.863271492,0.270480226,0.518543956,0.454545455,0.294117647,0.323529412,0.266666667,0,0,0.485714286,0.428571429,0.146297072,Low
Baga Beach,May,2023,0.856044724,0.909448819,0.800298063,0.002685979,0.950671152,0.545903955,0.581730769,0.272727273,0.941176471,0.544117647,0.733333333,1,0,0.6,0.857142857,0.493700582,Medium
Puri Beach,Jun,2023,0.896575821,0.963910761,0.822652757,0.125286007,0.611131466,0.491525424,0.048076923,0.090909091,1,0.617647059,1,1,1,0.685714286,0.714285714,0.805294996,High
Marina Beach,Aug,2022,0.732354997,0.779527559,0.750372578,0.115079286,0.687872631,0.222810734,0.279532967,0.090909091,0.529411765,0.617647059,0.8,1,0,0.628571429,0.285714286,0.430352375,Medium
Baga Beach,Jan,2022,0.475890985,0.482283465,0.511922504,0.000457611,0.611564467,0.226341808,0.780906593,0.727272727,0.176470588,0.323529412,0.333333333,0,0,0.2,0.285714286,0.173924964,Low
Diu Beach,Nov,2022,0.616352201,0.599081365,0.673621461,0,0.171035539,0.335451977,0.833791209,0.636363636,0.352941176,0.397058824,0.4,0,0,0.2,0.571428571,0.187776913,Low
Gokarna Beach,Mar,2023,0.765897973,0.526902887,0.783159463,0.005133205,0.671318656,0.446327684,0.656593407,0.545454545,0.411764706,0.360294118,0.466666667,0,0,0.2,0.571428571,0.179539499,Low
Kovalam Beach,Sep,2022,0.649196366,0.714566929,0.502235469,0.062414198,0.913233188,0.296610169,0.587912088,0.181818182,0.411764706,0.470588235,0.533333333,0,0,0.628571429,0.285714286,0.134154966,Low
Agonda Beach,Feb,2023,0.852550664,0.476377953,0.900894188,0,0.276987643,0.411016949,0.742445055,0.636363636,0.405882353,0.117647059,0.88,0,0,0.548285714,0.278571429,0.198362959,Low
Gokarna Beach,Jan,2022,0.482879106,0.447506562,0.596870343,0.00025865,0.218432535,0.25,0.695054945,0.727272727,0.117647059,0.25,0.333333333,0,0,0.428571429,0.285714286,0.166652993,Low
Kovalam Beach,Jun,2023,0.754018169,0.73687664,0.638599106,0.115656274,0.968857209,0.347457627,0.553571429,0.090909091,0.764705882,0.617647059,0.866666667,1,1,0.914285714,0.285714286,0.778330406,High
Puri Beach,Oct,2022,0.665967855,0.686351706,0.567064083,0.085812061,0.186956667,0.184675141,0.618818681,0.363636364,0.411764706,0.360294118,0.466666667,0,0,0.428571429,0.571428571,0.153735523,Low
Dhanushkodi Beach,Oct,2022,0.737945493,0.804461942,0.65052161,0.225920694,0.522499417,0.385946328,0.57760989,0.545454545,0.235294118,0.323529412,0.266666667,0,0,0.428571429,0.285714286,0.154223756,Low
Baga Beach,May,2022,0.791754018,0.837270341,0.683308495,0.045562165,0.906671552,0.352048023,0.379807692,0.272727273,0.470588235,0.433823529,0.433333333,0,0,0.428571429,0.714285714,0.148304015,Low
Alleppey Beach,May,2023,0.651991614,0.753937008,0.667660209,0.143948588,0.357159511,0.254590395,0.625686813,0.181818182,0.176470588,0.323529412,0.4,0,0,0.628571429,0.214285714,0.10049245,Low
Marina Beach,Oct,2023,0.679245283,0.734908136,0.66318927,0.015916914,0.332744896,0.267655367,0.690934066,0.363636364,0.411764706,0.544117647,0.666666667,0,0,0.342857143,0.571428571,0.173833694,Low
Dhanushkodi Beach,Apr,2022,0.821802935,0.88976378,0.735469449,0.133562802,0.47936582,0.337570621,0.535027473,0.272727273,0.411764706,0.397058824,0.466666667,0,0,0.285714286,0.714285714,0.144494936,Low
Tarkarli Beach,May,2022,0.742837177,0.922572178,0.478390462,0.062493782,0.918262665,0.471045198,0.382554945,0.272727273,0.529411765,0.544117647,0.666666667,1,0,0.257142857,0.714285714,0.450551667,Medium
Candolim Beach,Oct,2022,0.589098532,0.679133858,0.557377049,0.047691053,0.531625754,0.165254237,0.634615385,0.181818182,0.235294118,0.286764706,0.3,0,0,0.371428571,0.285714286,0.093999349,Low
Diu Beach,Nov,2023,0.644304682,0.67847769,0.655737705,0.021229184,0.139293209,0.405367232,0.822115385,0.636363636,0.294117647,0.323529412,0.333333333,0,0,0.257142857,0.571428571,0.176678832,Low
Marina Beach,Nov,2023,0.535988819,0.669291339,0.416542474,0.197031496,0.039902741,0.328036723,0.788461538,0.636363636,0.294117647,0.470588235,0.533333333,0,0,0.2,0.571428571,0.197221437,Low
Kovalam Beach,Mar,2023,0.819007687,0.823490814,0.676602086,0.021945445,0.897611831,0.091454802,0.648351648,0.545454545,0.352941176,0.433823529,0.533333333,0,0,0.342857143,0.714285714,0.183812974,Low
Baga Beach,Mar,2022,0.710691824,0.738188976,0.728017884,0.004556217,0.710521933,0.176200565,0.568681319,0.363636364,0.411764706,0.397058824,0.466666667,0,0,0.314285714,0.571428571,0.15295522,Low
Dhanushkodi Beach,Feb,2022,0.642208246,0.735564304,0.561847988,0.009172122,0.04643107,0.51730226,0.700549451,0.454545455,0.235294118,0.286764706,0.333333333,0,0,0.428571429,0.428571429,0.141553812,Low
Mandarmani Beach,Mar,2022,0.596086653,0.602362205,0.62295082,0.001034599,0.642840489,0.27930791,0.559752747,0.363636364,0.117647059,0.323529412,0.333333333,0,0,0.2,0.571428571,0.117682865,Low
Palolem Beach,May,2022,0.946191474,0.887139108,0.837555887,0.086588011,0.928721314,0.442443503,0.393543956,0.363636364,0.529411765,0.470588235,0.666666667,1,0,0.485714286,0.571428571,0.460623779,Medium
Puri Beach,Oct,2023,0.714185884,0.717847769,0.665424739,0.049740355,0.501548813,0.253531073,0.644917582,0.363636364,0.470588235,0.397058824,0.6,0,0,0.457142857,0.714285714,0.169846307,Low
